Refactoring method,Prompt,Metric,Average Value
PULL UP FIELD,ZeroShotCode,CodeBleu,0.493
PULL UP FIELD,ZeroShotCode,Total CC,0.0
PULL UP FIELD,ZeroShotCode,Total method calls,0.0
PULL UP FIELD,ZeroShotCode,Total lines of code,17.6
PULL UP FIELD,FewShotCode,CodeBleu,
PULL UP FIELD,FewShotCode,Total CC,
PULL UP FIELD,FewShotCode,Total method calls,
PULL UP FIELD,FewShotCode,Total lines of code,
PULL UP FIELD,InstrucCode,CodeBleu,0.667
PULL UP FIELD,InstrucCode,Total CC,0.0
PULL UP FIELD,InstrucCode,Total method calls,0.0
PULL UP FIELD,InstrucCode,Total lines of code,8.0
PULL UP FIELD,ContextCode,CodeBleu,0.528
PULL UP FIELD,ContextCode,Total CC,0.0
PULL UP FIELD,ContextCode,Total method calls,0.0
PULL UP FIELD,ContextCode,Total lines of code,16.4
PULL UP FIELD,RulesCode,CodeBleu,0.579
PULL UP FIELD,RulesCode,Total CC,0.0
PULL UP FIELD,RulesCode,Total method calls,0.0
PULL UP FIELD,RulesCode,Total lines of code,8.0
PULL UP FIELD,BeforeRefact,CodeBleu,
PULL UP FIELD,BeforeRefact,Total CC,0.0
PULL UP FIELD,BeforeRefact,Total method calls,0.0
PULL UP FIELD,BeforeRefact,Total lines of code,6.0
PULL UP FIELD,AfterRefact,CodeBleu,
PULL UP FIELD,AfterRefact,Total CC,0.0
PULL UP FIELD,AfterRefact,Total method calls,0.0
PULL UP FIELD,AfterRefact,Total lines of code,4.0
PRESERVE WHOLE OBJECT,ZeroShotCode,CodeBleu,0.312
PRESERVE WHOLE OBJECT,ZeroShotCode,Total CC,0.8
PRESERVE WHOLE OBJECT,ZeroShotCode,Total method calls,3.0
PRESERVE WHOLE OBJECT,ZeroShotCode,Total lines of code,12.6
PRESERVE WHOLE OBJECT,FewShotCode,CodeBleu,
PRESERVE WHOLE OBJECT,FewShotCode,Total CC,
PRESERVE WHOLE OBJECT,FewShotCode,Total method calls,
PRESERVE WHOLE OBJECT,FewShotCode,Total lines of code,
PRESERVE WHOLE OBJECT,InstrucCode,CodeBleu,0.267
PRESERVE WHOLE OBJECT,InstrucCode,Total CC,0.4
PRESERVE WHOLE OBJECT,InstrucCode,Total method calls,5.4
PRESERVE WHOLE OBJECT,InstrucCode,Total lines of code,9.4
PRESERVE WHOLE OBJECT,ContextCode,CodeBleu,0.295
PRESERVE WHOLE OBJECT,ContextCode,Total CC,1.0
PRESERVE WHOLE OBJECT,ContextCode,Total method calls,5.0
PRESERVE WHOLE OBJECT,ContextCode,Total lines of code,5.0
PRESERVE WHOLE OBJECT,RulesCode,CodeBleu,0.313
PRESERVE WHOLE OBJECT,RulesCode,Total CC,0.4
PRESERVE WHOLE OBJECT,RulesCode,Total method calls,2.8
PRESERVE WHOLE OBJECT,RulesCode,Total lines of code,3.8
PRESERVE WHOLE OBJECT,BeforeRefact,CodeBleu,
PRESERVE WHOLE OBJECT,BeforeRefact,Total CC,1.0
PRESERVE WHOLE OBJECT,BeforeRefact,Total method calls,1.0
PRESERVE WHOLE OBJECT,BeforeRefact,Total lines of code,2.0
PRESERVE WHOLE OBJECT,AfterRefact,CodeBleu,
PRESERVE WHOLE OBJECT,AfterRefact,Total CC,1.0
PRESERVE WHOLE OBJECT,AfterRefact,Total method calls,1.0
PRESERVE WHOLE OBJECT,AfterRefact,Total lines of code,0.0
SPLIT PHASE,ZeroShotCode,CodeBleu,0.125
SPLIT PHASE,ZeroShotCode,Total CC,0.0
SPLIT PHASE,ZeroShotCode,Total method calls,4.0
SPLIT PHASE,ZeroShotCode,Total lines of code,6.6
SPLIT PHASE,FewShotCode,CodeBleu,
SPLIT PHASE,FewShotCode,Total CC,
SPLIT PHASE,FewShotCode,Total method calls,
SPLIT PHASE,FewShotCode,Total lines of code,
SPLIT PHASE,InstrucCode,CodeBleu,0.202
SPLIT PHASE,InstrucCode,Total CC,0.0
SPLIT PHASE,InstrucCode,Total method calls,7.4
SPLIT PHASE,InstrucCode,Total lines of code,31.8
SPLIT PHASE,ContextCode,CodeBleu,0.139
SPLIT PHASE,ContextCode,Total CC,0.0
SPLIT PHASE,ContextCode,Total method calls,4.2
SPLIT PHASE,ContextCode,Total lines of code,6.0
SPLIT PHASE,RulesCode,CodeBleu,
SPLIT PHASE,RulesCode,Total CC,
SPLIT PHASE,RulesCode,Total method calls,
SPLIT PHASE,RulesCode,Total lines of code,
SPLIT PHASE,BeforeRefact,CodeBleu,
SPLIT PHASE,BeforeRefact,Total CC,0.0
SPLIT PHASE,BeforeRefact,Total method calls,3.0
SPLIT PHASE,BeforeRefact,Total lines of code,2.0
SPLIT PHASE,AfterRefact,CodeBleu,
SPLIT PHASE,AfterRefact,Total CC,0.0
SPLIT PHASE,AfterRefact,Total method calls,5.0
SPLIT PHASE,AfterRefact,Total lines of code,11.0
COLLAPSE HIERARCHY,ZeroShotCode,CodeBleu,0.321
COLLAPSE HIERARCHY,ZeroShotCode,Total CC,0.0
COLLAPSE HIERARCHY,ZeroShotCode,Total method calls,0.0
COLLAPSE HIERARCHY,ZeroShotCode,Total lines of code,3.0
COLLAPSE HIERARCHY,FewShotCode,CodeBleu,
COLLAPSE HIERARCHY,FewShotCode,Total CC,
COLLAPSE HIERARCHY,FewShotCode,Total method calls,
COLLAPSE HIERARCHY,FewShotCode,Total lines of code,
COLLAPSE HIERARCHY,InstrucCode,CodeBleu,0.318
COLLAPSE HIERARCHY,InstrucCode,Total CC,0.0
COLLAPSE HIERARCHY,InstrucCode,Total method calls,0.0
COLLAPSE HIERARCHY,InstrucCode,Total lines of code,4.6
COLLAPSE HIERARCHY,ContextCode,CodeBleu,0.33
COLLAPSE HIERARCHY,ContextCode,Total CC,0.0
COLLAPSE HIERARCHY,ContextCode,Total method calls,0.4
COLLAPSE HIERARCHY,ContextCode,Total lines of code,12.0
COLLAPSE HIERARCHY,RulesCode,CodeBleu,0.315
COLLAPSE HIERARCHY,RulesCode,Total CC,0.0
COLLAPSE HIERARCHY,RulesCode,Total method calls,0.0
COLLAPSE HIERARCHY,RulesCode,Total lines of code,3.0
COLLAPSE HIERARCHY,BeforeRefact,CodeBleu,
COLLAPSE HIERARCHY,BeforeRefact,Total CC,0.0
COLLAPSE HIERARCHY,BeforeRefact,Total method calls,0.0
COLLAPSE HIERARCHY,BeforeRefact,Total lines of code,1.0
COLLAPSE HIERARCHY,AfterRefact,CodeBleu,
COLLAPSE HIERARCHY,AfterRefact,Total CC,0.0
COLLAPSE HIERARCHY,AfterRefact,Total method calls,0.0
COLLAPSE HIERARCHY,AfterRefact,Total lines of code,0.0
REPLACE SUBCLASS WITH DELEGATE,ZeroShotCode,CodeBleu,0.303
REPLACE SUBCLASS WITH DELEGATE,ZeroShotCode,Total CC,0.0
REPLACE SUBCLASS WITH DELEGATE,ZeroShotCode,Total method calls,2.0
REPLACE SUBCLASS WITH DELEGATE,ZeroShotCode,Total lines of code,20.4
REPLACE SUBCLASS WITH DELEGATE,FewShotCode,CodeBleu,
REPLACE SUBCLASS WITH DELEGATE,FewShotCode,Total CC,
REPLACE SUBCLASS WITH DELEGATE,FewShotCode,Total method calls,
REPLACE SUBCLASS WITH DELEGATE,FewShotCode,Total lines of code,
REPLACE SUBCLASS WITH DELEGATE,InstrucCode,CodeBleu,0.37
REPLACE SUBCLASS WITH DELEGATE,InstrucCode,Total CC,0.8
REPLACE SUBCLASS WITH DELEGATE,InstrucCode,Total method calls,3.2
REPLACE SUBCLASS WITH DELEGATE,InstrucCode,Total lines of code,29.8
REPLACE SUBCLASS WITH DELEGATE,ContextCode,CodeBleu,0.222
REPLACE SUBCLASS WITH DELEGATE,ContextCode,Total CC,0.0
REPLACE SUBCLASS WITH DELEGATE,ContextCode,Total method calls,2.0
REPLACE SUBCLASS WITH DELEGATE,ContextCode,Total lines of code,15.4
REPLACE SUBCLASS WITH DELEGATE,RulesCode,CodeBleu,
REPLACE SUBCLASS WITH DELEGATE,RulesCode,Total CC,
REPLACE SUBCLASS WITH DELEGATE,RulesCode,Total method calls,
REPLACE SUBCLASS WITH DELEGATE,RulesCode,Total lines of code,
REPLACE SUBCLASS WITH DELEGATE,BeforeRefact,CodeBleu,
REPLACE SUBCLASS WITH DELEGATE,BeforeRefact,Total CC,0.0
REPLACE SUBCLASS WITH DELEGATE,BeforeRefact,Total method calls,0.0
REPLACE SUBCLASS WITH DELEGATE,BeforeRefact,Total lines of code,9.0
REPLACE SUBCLASS WITH DELEGATE,AfterRefact,CodeBleu,
REPLACE SUBCLASS WITH DELEGATE,AfterRefact,Total CC,1.0
REPLACE SUBCLASS WITH DELEGATE,AfterRefact,Total method calls,0.0
REPLACE SUBCLASS WITH DELEGATE,AfterRefact,Total lines of code,11.0
CHANGE REFERENCE TO VALUE,ZeroShotCode,CodeBleu,0.155
CHANGE REFERENCE TO VALUE,ZeroShotCode,Total CC,0.0
CHANGE REFERENCE TO VALUE,ZeroShotCode,Total method calls,0.4
CHANGE REFERENCE TO VALUE,ZeroShotCode,Total lines of code,11.2
CHANGE REFERENCE TO VALUE,FewShotCode,CodeBleu,
CHANGE REFERENCE TO VALUE,FewShotCode,Total CC,
CHANGE REFERENCE TO VALUE,FewShotCode,Total method calls,
CHANGE REFERENCE TO VALUE,FewShotCode,Total lines of code,
CHANGE REFERENCE TO VALUE,InstrucCode,CodeBleu,0.289
CHANGE REFERENCE TO VALUE,InstrucCode,Total CC,2.0
CHANGE REFERENCE TO VALUE,InstrucCode,Total method calls,3.0
CHANGE REFERENCE TO VALUE,InstrucCode,Total lines of code,34.2
CHANGE REFERENCE TO VALUE,ContextCode,CodeBleu,0.246
CHANGE REFERENCE TO VALUE,ContextCode,Total CC,0.0
CHANGE REFERENCE TO VALUE,ContextCode,Total method calls,2.0
CHANGE REFERENCE TO VALUE,ContextCode,Total lines of code,16.0
CHANGE REFERENCE TO VALUE,RulesCode,CodeBleu,0.255
CHANGE REFERENCE TO VALUE,RulesCode,Total CC,0.0
CHANGE REFERENCE TO VALUE,RulesCode,Total method calls,1.6
CHANGE REFERENCE TO VALUE,RulesCode,Total lines of code,14.2
CHANGE REFERENCE TO VALUE,BeforeRefact,CodeBleu,
CHANGE REFERENCE TO VALUE,BeforeRefact,Total CC,0.0
CHANGE REFERENCE TO VALUE,BeforeRefact,Total method calls,0.0
CHANGE REFERENCE TO VALUE,BeforeRefact,Total lines of code,1.0
CHANGE REFERENCE TO VALUE,AfterRefact,CodeBleu,
CHANGE REFERENCE TO VALUE,AfterRefact,Total CC,0.0
CHANGE REFERENCE TO VALUE,AfterRefact,Total method calls,0.0
CHANGE REFERENCE TO VALUE,AfterRefact,Total lines of code,3.0
ENCAPSULATE RECORD,ZeroShotCode,CodeBleu,0.196
ENCAPSULATE RECORD,ZeroShotCode,Total CC,0.0
ENCAPSULATE RECORD,ZeroShotCode,Total method calls,0.0
ENCAPSULATE RECORD,ZeroShotCode,Total lines of code,16.0
ENCAPSULATE RECORD,FewShotCode,CodeBleu,
ENCAPSULATE RECORD,FewShotCode,Total CC,
ENCAPSULATE RECORD,FewShotCode,Total method calls,
ENCAPSULATE RECORD,FewShotCode,Total lines of code,
ENCAPSULATE RECORD,InstrucCode,CodeBleu,0.254
ENCAPSULATE RECORD,InstrucCode,Total CC,0.0
ENCAPSULATE RECORD,InstrucCode,Total method calls,3.8
ENCAPSULATE RECORD,InstrucCode,Total lines of code,26.0
ENCAPSULATE RECORD,ContextCode,CodeBleu,0.206
ENCAPSULATE RECORD,ContextCode,Total CC,0.0
ENCAPSULATE RECORD,ContextCode,Total method calls,0.4
ENCAPSULATE RECORD,ContextCode,Total lines of code,22.4
ENCAPSULATE RECORD,RulesCode,CodeBleu,0.196
ENCAPSULATE RECORD,RulesCode,Total CC,0.0
ENCAPSULATE RECORD,RulesCode,Total method calls,0.0
ENCAPSULATE RECORD,RulesCode,Total lines of code,16.0
ENCAPSULATE RECORD,BeforeRefact,CodeBleu,
ENCAPSULATE RECORD,BeforeRefact,Total CC,0.0
ENCAPSULATE RECORD,BeforeRefact,Total method calls,0.0
ENCAPSULATE RECORD,BeforeRefact,Total lines of code,0.0
ENCAPSULATE RECORD,AfterRefact,CodeBleu,
ENCAPSULATE RECORD,AfterRefact,Total CC,0.0
ENCAPSULATE RECORD,AfterRefact,Total method calls,0.0
ENCAPSULATE RECORD,AfterRefact,Total lines of code,9.0
PUSH DOWN METHOD,ZeroShotCode,CodeBleu,0.429
PUSH DOWN METHOD,ZeroShotCode,Total CC,0.0
PUSH DOWN METHOD,ZeroShotCode,Total method calls,0.0
PUSH DOWN METHOD,ZeroShotCode,Total lines of code,14.4
PUSH DOWN METHOD,FewShotCode,CodeBleu,
PUSH DOWN METHOD,FewShotCode,Total CC,
PUSH DOWN METHOD,FewShotCode,Total method calls,
PUSH DOWN METHOD,FewShotCode,Total lines of code,
PUSH DOWN METHOD,InstrucCode,CodeBleu,0.261
PUSH DOWN METHOD,InstrucCode,Total CC,0.0
PUSH DOWN METHOD,InstrucCode,Total method calls,0.0
PUSH DOWN METHOD,InstrucCode,Total lines of code,9.0
PUSH DOWN METHOD,ContextCode,CodeBleu,0.432
PUSH DOWN METHOD,ContextCode,Total CC,0.0
PUSH DOWN METHOD,ContextCode,Total method calls,0.0
PUSH DOWN METHOD,ContextCode,Total lines of code,12.4
PUSH DOWN METHOD,RulesCode,CodeBleu,0.445
PUSH DOWN METHOD,RulesCode,Total CC,0.0
PUSH DOWN METHOD,RulesCode,Total method calls,0.0
PUSH DOWN METHOD,RulesCode,Total lines of code,9.0
PUSH DOWN METHOD,BeforeRefact,CodeBleu,
PUSH DOWN METHOD,BeforeRefact,Total CC,0.0
PUSH DOWN METHOD,BeforeRefact,Total method calls,0.0
PUSH DOWN METHOD,BeforeRefact,Total lines of code,4.0
PUSH DOWN METHOD,AfterRefact,CodeBleu,
PUSH DOWN METHOD,AfterRefact,Total CC,0.0
PUSH DOWN METHOD,AfterRefact,Total method calls,0.0
PUSH DOWN METHOD,AfterRefact,Total lines of code,4.0
EXTRACT FUNCTION,ZeroShotCode,CodeBleu,0.262
EXTRACT FUNCTION,ZeroShotCode,Total CC,0.0
EXTRACT FUNCTION,ZeroShotCode,Total method calls,5.4
EXTRACT FUNCTION,ZeroShotCode,Total lines of code,12.6
EXTRACT FUNCTION,FewShotCode,CodeBleu,
EXTRACT FUNCTION,FewShotCode,Total CC,
EXTRACT FUNCTION,FewShotCode,Total method calls,
EXTRACT FUNCTION,FewShotCode,Total lines of code,
EXTRACT FUNCTION,InstrucCode,CodeBleu,0.568
EXTRACT FUNCTION,InstrucCode,Total CC,0.0
EXTRACT FUNCTION,InstrucCode,Total method calls,5.2
EXTRACT FUNCTION,InstrucCode,Total lines of code,10.0
EXTRACT FUNCTION,ContextCode,CodeBleu,0.245
EXTRACT FUNCTION,ContextCode,Total CC,0.0
EXTRACT FUNCTION,ContextCode,Total method calls,7.0
EXTRACT FUNCTION,ContextCode,Total lines of code,18.2
EXTRACT FUNCTION,RulesCode,CodeBleu,0.627
EXTRACT FUNCTION,RulesCode,Total CC,0.0
EXTRACT FUNCTION,RulesCode,Total method calls,5.0
EXTRACT FUNCTION,RulesCode,Total lines of code,10.0
EXTRACT FUNCTION,BeforeRefact,CodeBleu,
EXTRACT FUNCTION,BeforeRefact,Total CC,0.0
EXTRACT FUNCTION,BeforeRefact,Total method calls,4.0
EXTRACT FUNCTION,BeforeRefact,Total lines of code,5.0
EXTRACT FUNCTION,AfterRefact,CodeBleu,
EXTRACT FUNCTION,AfterRefact,Total CC,0.0
EXTRACT FUNCTION,AfterRefact,Total method calls,5.0
EXTRACT FUNCTION,AfterRefact,Total lines of code,8.0
INTRODUCE ASSERTION,ZeroShotCode,CodeBleu,0.519
INTRODUCE ASSERTION,ZeroShotCode,Total CC,0.0
INTRODUCE ASSERTION,ZeroShotCode,Total method calls,0.2
INTRODUCE ASSERTION,ZeroShotCode,Total lines of code,4.4
INTRODUCE ASSERTION,FewShotCode,CodeBleu,
INTRODUCE ASSERTION,FewShotCode,Total CC,
INTRODUCE ASSERTION,FewShotCode,Total method calls,
INTRODUCE ASSERTION,FewShotCode,Total lines of code,
INTRODUCE ASSERTION,InstrucCode,CodeBleu,0.618
INTRODUCE ASSERTION,InstrucCode,Total CC,1.0
INTRODUCE ASSERTION,InstrucCode,Total method calls,0.0
INTRODUCE ASSERTION,InstrucCode,Total lines of code,4.6
INTRODUCE ASSERTION,ContextCode,CodeBleu,0.109
INTRODUCE ASSERTION,ContextCode,Total CC,0.0
INTRODUCE ASSERTION,ContextCode,Total method calls,0.0
INTRODUCE ASSERTION,ContextCode,Total lines of code,4.0
INTRODUCE ASSERTION,RulesCode,CodeBleu,0.51
INTRODUCE ASSERTION,RulesCode,Total CC,0.0
INTRODUCE ASSERTION,RulesCode,Total method calls,0.0
INTRODUCE ASSERTION,RulesCode,Total lines of code,4.0
INTRODUCE ASSERTION,BeforeRefact,CodeBleu,
INTRODUCE ASSERTION,BeforeRefact,Total CC,1.0
INTRODUCE ASSERTION,BeforeRefact,Total method calls,0.0
INTRODUCE ASSERTION,BeforeRefact,Total lines of code,1.0
INTRODUCE ASSERTION,AfterRefact,CodeBleu,
INTRODUCE ASSERTION,AfterRefact,Total CC,1.0
INTRODUCE ASSERTION,AfterRefact,Total method calls,0.0
INTRODUCE ASSERTION,AfterRefact,Total lines of code,2.0
EXTRACT VARIABLE,ZeroShotCode,CodeBleu,0.42
EXTRACT VARIABLE,ZeroShotCode,Total CC,0.0
EXTRACT VARIABLE,ZeroShotCode,Total method calls,2.0
EXTRACT VARIABLE,ZeroShotCode,Total lines of code,6.2
EXTRACT VARIABLE,FewShotCode,CodeBleu,
EXTRACT VARIABLE,FewShotCode,Total CC,
EXTRACT VARIABLE,FewShotCode,Total method calls,
EXTRACT VARIABLE,FewShotCode,Total lines of code,
EXTRACT VARIABLE,InstrucCode,CodeBleu,0.659
EXTRACT VARIABLE,InstrucCode,Total CC,0.0
EXTRACT VARIABLE,InstrucCode,Total method calls,2.0
EXTRACT VARIABLE,InstrucCode,Total lines of code,5.0
EXTRACT VARIABLE,ContextCode,CodeBleu,0.517
EXTRACT VARIABLE,ContextCode,Total CC,0.6
EXTRACT VARIABLE,ContextCode,Total method calls,2.2
EXTRACT VARIABLE,ContextCode,Total lines of code,11.2
EXTRACT VARIABLE,RulesCode,CodeBleu,0.674
EXTRACT VARIABLE,RulesCode,Total CC,0.0
EXTRACT VARIABLE,RulesCode,Total method calls,2.0
EXTRACT VARIABLE,RulesCode,Total lines of code,5.0
EXTRACT VARIABLE,BeforeRefact,CodeBleu,
EXTRACT VARIABLE,BeforeRefact,Total CC,0.0
EXTRACT VARIABLE,BeforeRefact,Total method calls,2.0
EXTRACT VARIABLE,BeforeRefact,Total lines of code,2.0
EXTRACT VARIABLE,AfterRefact,CodeBleu,
EXTRACT VARIABLE,AfterRefact,Total CC,0.0
EXTRACT VARIABLE,AfterRefact,Total method calls,2.0
EXTRACT VARIABLE,AfterRefact,Total lines of code,3.0
INLINE VARIABLE,ZeroShotCode,CodeBleu,0.289
INLINE VARIABLE,ZeroShotCode,Total CC,0.0
INLINE VARIABLE,ZeroShotCode,Total method calls,0.0
INLINE VARIABLE,ZeroShotCode,Total lines of code,2.0
INLINE VARIABLE,FewShotCode,CodeBleu,
INLINE VARIABLE,FewShotCode,Total CC,
INLINE VARIABLE,FewShotCode,Total method calls,
INLINE VARIABLE,FewShotCode,Total lines of code,
INLINE VARIABLE,InstrucCode,CodeBleu,0.289
INLINE VARIABLE,InstrucCode,Total CC,0.0
INLINE VARIABLE,InstrucCode,Total method calls,0.0
INLINE VARIABLE,InstrucCode,Total lines of code,2.0
INLINE VARIABLE,ContextCode,CodeBleu,0.31
INLINE VARIABLE,ContextCode,Total CC,0.0
INLINE VARIABLE,ContextCode,Total method calls,1.0
INLINE VARIABLE,ContextCode,Total lines of code,3.6
INLINE VARIABLE,RulesCode,CodeBleu,0.289
INLINE VARIABLE,RulesCode,Total CC,0.0
INLINE VARIABLE,RulesCode,Total method calls,0.0
INLINE VARIABLE,RulesCode,Total lines of code,2.0
INLINE VARIABLE,BeforeRefact,CodeBleu,
INLINE VARIABLE,BeforeRefact,Total CC,0.0
INLINE VARIABLE,BeforeRefact,Total method calls,0.0
INLINE VARIABLE,BeforeRefact,Total lines of code,1.0
INLINE VARIABLE,AfterRefact,CodeBleu,
INLINE VARIABLE,AfterRefact,Total CC,0.0
INLINE VARIABLE,AfterRefact,Total method calls,0.0
INLINE VARIABLE,AfterRefact,Total lines of code,0.0
ENCAPSULATE COLLECTION,ZeroShotCode,CodeBleu,0.306
ENCAPSULATE COLLECTION,ZeroShotCode,Total CC,0.0
ENCAPSULATE COLLECTION,ZeroShotCode,Total method calls,0.0
ENCAPSULATE COLLECTION,ZeroShotCode,Total lines of code,11.6
ENCAPSULATE COLLECTION,FewShotCode,CodeBleu,
ENCAPSULATE COLLECTION,FewShotCode,Total CC,
ENCAPSULATE COLLECTION,FewShotCode,Total method calls,
ENCAPSULATE COLLECTION,FewShotCode,Total lines of code,
ENCAPSULATE COLLECTION,InstrucCode,CodeBleu,0.308
ENCAPSULATE COLLECTION,InstrucCode,Total CC,0.0
ENCAPSULATE COLLECTION,InstrucCode,Total method calls,3.0
ENCAPSULATE COLLECTION,InstrucCode,Total lines of code,17.2
ENCAPSULATE COLLECTION,ContextCode,CodeBleu,0.308
ENCAPSULATE COLLECTION,ContextCode,Total CC,0.0
ENCAPSULATE COLLECTION,ContextCode,Total method calls,0.0
ENCAPSULATE COLLECTION,ContextCode,Total lines of code,10.0
ENCAPSULATE COLLECTION,RulesCode,CodeBleu,0.304
ENCAPSULATE COLLECTION,RulesCode,Total CC,0.0
ENCAPSULATE COLLECTION,RulesCode,Total method calls,3.0
ENCAPSULATE COLLECTION,RulesCode,Total lines of code,16.0
ENCAPSULATE COLLECTION,BeforeRefact,CodeBleu,
ENCAPSULATE COLLECTION,BeforeRefact,Total CC,0.0
ENCAPSULATE COLLECTION,BeforeRefact,Total method calls,0.0
ENCAPSULATE COLLECTION,BeforeRefact,Total lines of code,2.0
ENCAPSULATE COLLECTION,AfterRefact,CodeBleu,
ENCAPSULATE COLLECTION,AfterRefact,Total CC,0.0
ENCAPSULATE COLLECTION,AfterRefact,Total method calls,1.0
ENCAPSULATE COLLECTION,AfterRefact,Total lines of code,3.0
ENCAPSULATE VARIABLE,ZeroShotCode,CodeBleu,0.117
ENCAPSULATE VARIABLE,ZeroShotCode,Total CC,0.0
ENCAPSULATE VARIABLE,ZeroShotCode,Total method calls,0.0
ENCAPSULATE VARIABLE,ZeroShotCode,Total lines of code,15.2
ENCAPSULATE VARIABLE,FewShotCode,CodeBleu,
ENCAPSULATE VARIABLE,FewShotCode,Total CC,
ENCAPSULATE VARIABLE,FewShotCode,Total method calls,
ENCAPSULATE VARIABLE,FewShotCode,Total lines of code,
ENCAPSULATE VARIABLE,InstrucCode,CodeBleu,0.148
ENCAPSULATE VARIABLE,InstrucCode,Total CC,0.0
ENCAPSULATE VARIABLE,InstrucCode,Total method calls,0.0
ENCAPSULATE VARIABLE,InstrucCode,Total lines of code,22.0
ENCAPSULATE VARIABLE,ContextCode,CodeBleu,0.146
ENCAPSULATE VARIABLE,ContextCode,Total CC,0.0
ENCAPSULATE VARIABLE,ContextCode,Total method calls,0.6
ENCAPSULATE VARIABLE,ContextCode,Total lines of code,18.4
ENCAPSULATE VARIABLE,RulesCode,CodeBleu,0.148
ENCAPSULATE VARIABLE,RulesCode,Total CC,0.0
ENCAPSULATE VARIABLE,RulesCode,Total method calls,0.0
ENCAPSULATE VARIABLE,RulesCode,Total lines of code,22.0
ENCAPSULATE VARIABLE,BeforeRefact,CodeBleu,
ENCAPSULATE VARIABLE,BeforeRefact,Total CC,0.0
ENCAPSULATE VARIABLE,BeforeRefact,Total method calls,0.0
ENCAPSULATE VARIABLE,BeforeRefact,Total lines of code,0.0
ENCAPSULATE VARIABLE,AfterRefact,CodeBleu,
ENCAPSULATE VARIABLE,AfterRefact,Total CC,0.0
ENCAPSULATE VARIABLE,AfterRefact,Total method calls,2.0
ENCAPSULATE VARIABLE,AfterRefact,Total lines of code,2.0
PUSH DOWN FIELD,ZeroShotCode,CodeBleu,0.558
PUSH DOWN FIELD,ZeroShotCode,Total CC,0.0
PUSH DOWN FIELD,ZeroShotCode,Total method calls,0.0
PUSH DOWN FIELD,ZeroShotCode,Total lines of code,9.0
PUSH DOWN FIELD,FewShotCode,CodeBleu,
PUSH DOWN FIELD,FewShotCode,Total CC,
PUSH DOWN FIELD,FewShotCode,Total method calls,
PUSH DOWN FIELD,FewShotCode,Total lines of code,
PUSH DOWN FIELD,InstrucCode,CodeBleu,0.569
PUSH DOWN FIELD,InstrucCode,Total CC,0.0
PUSH DOWN FIELD,InstrucCode,Total method calls,0.0
PUSH DOWN FIELD,InstrucCode,Total lines of code,9.0
PUSH DOWN FIELD,ContextCode,CodeBleu,0.497
PUSH DOWN FIELD,ContextCode,Total CC,0.0
PUSH DOWN FIELD,ContextCode,Total method calls,0.0
PUSH DOWN FIELD,ContextCode,Total lines of code,14.0
PUSH DOWN FIELD,RulesCode,CodeBleu,0.562
PUSH DOWN FIELD,RulesCode,Total CC,0.0
PUSH DOWN FIELD,RulesCode,Total method calls,0.0
PUSH DOWN FIELD,RulesCode,Total lines of code,9.0
PUSH DOWN FIELD,BeforeRefact,CodeBleu,
PUSH DOWN FIELD,BeforeRefact,Total CC,0.0
PUSH DOWN FIELD,BeforeRefact,Total method calls,0.0
PUSH DOWN FIELD,BeforeRefact,Total lines of code,3.0
PUSH DOWN FIELD,AfterRefact,CodeBleu,
PUSH DOWN FIELD,AfterRefact,Total CC,0.0
PUSH DOWN FIELD,AfterRefact,Total method calls,0.0
PUSH DOWN FIELD,AfterRefact,Total lines of code,4.0
REPLACE NESTED CONDITIONAL WITH GUARD CLAUSES,ZeroShotCode,CodeBleu,0.551
REPLACE NESTED CONDITIONAL WITH GUARD CLAUSES,ZeroShotCode,Total CC,3.0
REPLACE NESTED CONDITIONAL WITH GUARD CLAUSES,ZeroShotCode,Total method calls,4.0
REPLACE NESTED CONDITIONAL WITH GUARD CLAUSES,ZeroShotCode,Total lines of code,13.0
REPLACE NESTED CONDITIONAL WITH GUARD CLAUSES,FewShotCode,CodeBleu,
REPLACE NESTED CONDITIONAL WITH GUARD CLAUSES,FewShotCode,Total CC,
REPLACE NESTED CONDITIONAL WITH GUARD CLAUSES,FewShotCode,Total method calls,
REPLACE NESTED CONDITIONAL WITH GUARD CLAUSES,FewShotCode,Total lines of code,
REPLACE NESTED CONDITIONAL WITH GUARD CLAUSES,InstrucCode,CodeBleu,0.735
REPLACE NESTED CONDITIONAL WITH GUARD CLAUSES,InstrucCode,Total CC,3.0
REPLACE NESTED CONDITIONAL WITH GUARD CLAUSES,InstrucCode,Total method calls,4.0
REPLACE NESTED CONDITIONAL WITH GUARD CLAUSES,InstrucCode,Total lines of code,11.8
REPLACE NESTED CONDITIONAL WITH GUARD CLAUSES,ContextCode,CodeBleu,0.538
REPLACE NESTED CONDITIONAL WITH GUARD CLAUSES,ContextCode,Total CC,3.0
REPLACE NESTED CONDITIONAL WITH GUARD CLAUSES,ContextCode,Total method calls,4.0
REPLACE NESTED CONDITIONAL WITH GUARD CLAUSES,ContextCode,Total lines of code,18.0
REPLACE NESTED CONDITIONAL WITH GUARD CLAUSES,RulesCode,CodeBleu,0.727
REPLACE NESTED CONDITIONAL WITH GUARD CLAUSES,RulesCode,Total CC,3.0
REPLACE NESTED CONDITIONAL WITH GUARD CLAUSES,RulesCode,Total method calls,4.0
REPLACE NESTED CONDITIONAL WITH GUARD CLAUSES,RulesCode,Total lines of code,11.2
REPLACE NESTED CONDITIONAL WITH GUARD CLAUSES,BeforeRefact,CodeBleu,
REPLACE NESTED CONDITIONAL WITH GUARD CLAUSES,BeforeRefact,Total CC,3.0
REPLACE NESTED CONDITIONAL WITH GUARD CLAUSES,BeforeRefact,Total method calls,4.0
REPLACE NESTED CONDITIONAL WITH GUARD CLAUSES,BeforeRefact,Total lines of code,15.0
REPLACE NESTED CONDITIONAL WITH GUARD CLAUSES,AfterRefact,CodeBleu,
REPLACE NESTED CONDITIONAL WITH GUARD CLAUSES,AfterRefact,Total CC,3.0
REPLACE NESTED CONDITIONAL WITH GUARD CLAUSES,AfterRefact,Total method calls,4.0
REPLACE NESTED CONDITIONAL WITH GUARD CLAUSES,AfterRefact,Total lines of code,5.0
REMOVE SETTING METHOD,ZeroShotCode,CodeBleu,0.35
REMOVE SETTING METHOD,ZeroShotCode,Total CC,0.0
REMOVE SETTING METHOD,ZeroShotCode,Total method calls,0.0
REMOVE SETTING METHOD,ZeroShotCode,Total lines of code,10.0
REMOVE SETTING METHOD,FewShotCode,CodeBleu,
REMOVE SETTING METHOD,FewShotCode,Total CC,
REMOVE SETTING METHOD,FewShotCode,Total method calls,
REMOVE SETTING METHOD,FewShotCode,Total lines of code,
REMOVE SETTING METHOD,InstrucCode,CodeBleu,0.35
REMOVE SETTING METHOD,InstrucCode,Total CC,0.0
REMOVE SETTING METHOD,InstrucCode,Total method calls,0.0
REMOVE SETTING METHOD,InstrucCode,Total lines of code,10.0
REMOVE SETTING METHOD,ContextCode,CodeBleu,0.35
REMOVE SETTING METHOD,ContextCode,Total CC,0.0
REMOVE SETTING METHOD,ContextCode,Total method calls,0.0
REMOVE SETTING METHOD,ContextCode,Total lines of code,10.0
REMOVE SETTING METHOD,RulesCode,CodeBleu,0.35
REMOVE SETTING METHOD,RulesCode,Total CC,0.0
REMOVE SETTING METHOD,RulesCode,Total method calls,0.0
REMOVE SETTING METHOD,RulesCode,Total lines of code,10.0
REMOVE SETTING METHOD,BeforeRefact,CodeBleu,
REMOVE SETTING METHOD,BeforeRefact,Total CC,0.0
REMOVE SETTING METHOD,BeforeRefact,Total method calls,0.0
REMOVE SETTING METHOD,BeforeRefact,Total lines of code,2.0
REMOVE SETTING METHOD,AfterRefact,CodeBleu,
REMOVE SETTING METHOD,AfterRefact,Total CC,0.0
REMOVE SETTING METHOD,AfterRefact,Total method calls,0.0
REMOVE SETTING METHOD,AfterRefact,Total lines of code,1.0
REPLACE DERIVED VARIABLE WITH QUERY,ZeroShotCode,CodeBleu,0.216
REPLACE DERIVED VARIABLE WITH QUERY,ZeroShotCode,Total CC,0.0
REPLACE DERIVED VARIABLE WITH QUERY,ZeroShotCode,Total method calls,0.0
REPLACE DERIVED VARIABLE WITH QUERY,ZeroShotCode,Total lines of code,11.4
REPLACE DERIVED VARIABLE WITH QUERY,FewShotCode,CodeBleu,
REPLACE DERIVED VARIABLE WITH QUERY,FewShotCode,Total CC,
REPLACE DERIVED VARIABLE WITH QUERY,FewShotCode,Total method calls,
REPLACE DERIVED VARIABLE WITH QUERY,FewShotCode,Total lines of code,
REPLACE DERIVED VARIABLE WITH QUERY,InstrucCode,CodeBleu,0.232
REPLACE DERIVED VARIABLE WITH QUERY,InstrucCode,Total CC,0.0
REPLACE DERIVED VARIABLE WITH QUERY,InstrucCode,Total method calls,1.0
REPLACE DERIVED VARIABLE WITH QUERY,InstrucCode,Total lines of code,12.2
REPLACE DERIVED VARIABLE WITH QUERY,ContextCode,CodeBleu,0.232
REPLACE DERIVED VARIABLE WITH QUERY,ContextCode,Total CC,0.0
REPLACE DERIVED VARIABLE WITH QUERY,ContextCode,Total method calls,0.0
REPLACE DERIVED VARIABLE WITH QUERY,ContextCode,Total lines of code,13.0
REPLACE DERIVED VARIABLE WITH QUERY,RulesCode,CodeBleu,
REPLACE DERIVED VARIABLE WITH QUERY,RulesCode,Total CC,
REPLACE DERIVED VARIABLE WITH QUERY,RulesCode,Total method calls,
REPLACE DERIVED VARIABLE WITH QUERY,RulesCode,Total lines of code,
REPLACE DERIVED VARIABLE WITH QUERY,BeforeRefact,CodeBleu,
REPLACE DERIVED VARIABLE WITH QUERY,BeforeRefact,Total CC,0.0
REPLACE DERIVED VARIABLE WITH QUERY,BeforeRefact,Total method calls,0.0
REPLACE DERIVED VARIABLE WITH QUERY,BeforeRefact,Total lines of code,5.0
REPLACE DERIVED VARIABLE WITH QUERY,AfterRefact,CodeBleu,
REPLACE DERIVED VARIABLE WITH QUERY,AfterRefact,Total CC,0.0
REPLACE DERIVED VARIABLE WITH QUERY,AfterRefact,Total method calls,0.0
REPLACE DERIVED VARIABLE WITH QUERY,AfterRefact,Total lines of code,1.0
SUBSTITUTE ALGORITHM,ZeroShotCode,CodeBleu,0.187
SUBSTITUTE ALGORITHM,ZeroShotCode,Total CC,3.0
SUBSTITUTE ALGORITHM,ZeroShotCode,Total method calls,3.2
SUBSTITUTE ALGORITHM,ZeroShotCode,Total lines of code,10.2
SUBSTITUTE ALGORITHM,FewShotCode,CodeBleu,
SUBSTITUTE ALGORITHM,FewShotCode,Total CC,
SUBSTITUTE ALGORITHM,FewShotCode,Total method calls,
SUBSTITUTE ALGORITHM,FewShotCode,Total lines of code,
SUBSTITUTE ALGORITHM,InstrucCode,CodeBleu,0.215
SUBSTITUTE ALGORITHM,InstrucCode,Total CC,3.0
SUBSTITUTE ALGORITHM,InstrucCode,Total method calls,4.0
SUBSTITUTE ALGORITHM,InstrucCode,Total lines of code,14.4
SUBSTITUTE ALGORITHM,ContextCode,CodeBleu,0.158
SUBSTITUTE ALGORITHM,ContextCode,Total CC,1.4
SUBSTITUTE ALGORITHM,ContextCode,Total method calls,2.2
SUBSTITUTE ALGORITHM,ContextCode,Total lines of code,9.8
SUBSTITUTE ALGORITHM,RulesCode,CodeBleu,0.172
SUBSTITUTE ALGORITHM,RulesCode,Total CC,3.0
SUBSTITUTE ALGORITHM,RulesCode,Total method calls,2.4
SUBSTITUTE ALGORITHM,RulesCode,Total lines of code,10.0
SUBSTITUTE ALGORITHM,BeforeRefact,CodeBleu,
SUBSTITUTE ALGORITHM,BeforeRefact,Total CC,4.0
SUBSTITUTE ALGORITHM,BeforeRefact,Total method calls,0.0
SUBSTITUTE ALGORITHM,BeforeRefact,Total lines of code,13.0
SUBSTITUTE ALGORITHM,AfterRefact,CodeBleu,
SUBSTITUTE ALGORITHM,AfterRefact,Total CC,0.0
SUBSTITUTE ALGORITHM,AfterRefact,Total method calls,2.0
SUBSTITUTE ALGORITHM,AfterRefact,Total lines of code,3.0
REPLACE CONDITIONAL WITH POLYMORPHISM,ZeroShotCode,CodeBleu,0.314
REPLACE CONDITIONAL WITH POLYMORPHISM,ZeroShotCode,Total CC,3.6
REPLACE CONDITIONAL WITH POLYMORPHISM,ZeroShotCode,Total method calls,1.4
REPLACE CONDITIONAL WITH POLYMORPHISM,ZeroShotCode,Total lines of code,40.8
REPLACE CONDITIONAL WITH POLYMORPHISM,FewShotCode,CodeBleu,
REPLACE CONDITIONAL WITH POLYMORPHISM,FewShotCode,Total CC,
REPLACE CONDITIONAL WITH POLYMORPHISM,FewShotCode,Total method calls,
REPLACE CONDITIONAL WITH POLYMORPHISM,FewShotCode,Total lines of code,
REPLACE CONDITIONAL WITH POLYMORPHISM,InstrucCode,CodeBleu,0.31
REPLACE CONDITIONAL WITH POLYMORPHISM,InstrucCode,Total CC,6.0
REPLACE CONDITIONAL WITH POLYMORPHISM,InstrucCode,Total method calls,3.2
REPLACE CONDITIONAL WITH POLYMORPHISM,InstrucCode,Total lines of code,54.8
REPLACE CONDITIONAL WITH POLYMORPHISM,ContextCode,CodeBleu,0.259
REPLACE CONDITIONAL WITH POLYMORPHISM,ContextCode,Total CC,6.0
REPLACE CONDITIONAL WITH POLYMORPHISM,ContextCode,Total method calls,3.4
REPLACE CONDITIONAL WITH POLYMORPHISM,ContextCode,Total lines of code,14.2
REPLACE CONDITIONAL WITH POLYMORPHISM,RulesCode,CodeBleu,0.314
REPLACE CONDITIONAL WITH POLYMORPHISM,RulesCode,Total CC,3.6
REPLACE CONDITIONAL WITH POLYMORPHISM,RulesCode,Total method calls,1.2
REPLACE CONDITIONAL WITH POLYMORPHISM,RulesCode,Total lines of code,40.0
REPLACE CONDITIONAL WITH POLYMORPHISM,BeforeRefact,CodeBleu,
REPLACE CONDITIONAL WITH POLYMORPHISM,BeforeRefact,Total CC,6.0
REPLACE CONDITIONAL WITH POLYMORPHISM,BeforeRefact,Total method calls,0.0
REPLACE CONDITIONAL WITH POLYMORPHISM,BeforeRefact,Total lines of code,8.0
REPLACE CONDITIONAL WITH POLYMORPHISM,AfterRefact,CodeBleu,
REPLACE CONDITIONAL WITH POLYMORPHISM,AfterRefact,Total CC,2.0
REPLACE CONDITIONAL WITH POLYMORPHISM,AfterRefact,Total method calls,0.0
REPLACE CONDITIONAL WITH POLYMORPHISM,AfterRefact,Total lines of code,11.0
DECOMPOSE CONDITIONAL,ZeroShotCode,CodeBleu,0.15
DECOMPOSE CONDITIONAL,ZeroShotCode,Total CC,1.2
DECOMPOSE CONDITIONAL,ZeroShotCode,Total method calls,3.8
DECOMPOSE CONDITIONAL,ZeroShotCode,Total lines of code,11.6
DECOMPOSE CONDITIONAL,FewShotCode,CodeBleu,
DECOMPOSE CONDITIONAL,FewShotCode,Total CC,
DECOMPOSE CONDITIONAL,FewShotCode,Total method calls,
DECOMPOSE CONDITIONAL,FewShotCode,Total lines of code,
DECOMPOSE CONDITIONAL,InstrucCode,CodeBleu,0.149
DECOMPOSE CONDITIONAL,InstrucCode,Total CC,1.2
DECOMPOSE CONDITIONAL,InstrucCode,Total method calls,5.0
DECOMPOSE CONDITIONAL,InstrucCode,Total lines of code,15.2
DECOMPOSE CONDITIONAL,ContextCode,CodeBleu,0.142
DECOMPOSE CONDITIONAL,ContextCode,Total CC,2.2
DECOMPOSE CONDITIONAL,ContextCode,Total method calls,2.0
DECOMPOSE CONDITIONAL,ContextCode,Total lines of code,3.8
DECOMPOSE CONDITIONAL,RulesCode,CodeBleu,0.149
DECOMPOSE CONDITIONAL,RulesCode,Total CC,1.0
DECOMPOSE CONDITIONAL,RulesCode,Total method calls,4.2
DECOMPOSE CONDITIONAL,RulesCode,Total lines of code,12.6
DECOMPOSE CONDITIONAL,BeforeRefact,CodeBleu,
DECOMPOSE CONDITIONAL,BeforeRefact,Total CC,2.0
DECOMPOSE CONDITIONAL,BeforeRefact,Total method calls,2.0
DECOMPOSE CONDITIONAL,BeforeRefact,Total lines of code,3.0
DECOMPOSE CONDITIONAL,AfterRefact,CodeBleu,
DECOMPOSE CONDITIONAL,AfterRefact,Total CC,1.0
DECOMPOSE CONDITIONAL,AfterRefact,Total method calls,3.0
DECOMPOSE CONDITIONAL,AfterRefact,Total lines of code,3.0
EXTRACT SUPERCLASS,ZeroShotCode,CodeBleu,0.333
EXTRACT SUPERCLASS,ZeroShotCode,Total CC,0.0
EXTRACT SUPERCLASS,ZeroShotCode,Total method calls,0.0
EXTRACT SUPERCLASS,ZeroShotCode,Total lines of code,21.0
EXTRACT SUPERCLASS,FewShotCode,CodeBleu,
EXTRACT SUPERCLASS,FewShotCode,Total CC,
EXTRACT SUPERCLASS,FewShotCode,Total method calls,
EXTRACT SUPERCLASS,FewShotCode,Total lines of code,
EXTRACT SUPERCLASS,InstrucCode,CodeBleu,0.333
EXTRACT SUPERCLASS,InstrucCode,Total CC,0.0
EXTRACT SUPERCLASS,InstrucCode,Total method calls,0.0
EXTRACT SUPERCLASS,InstrucCode,Total lines of code,23.8
EXTRACT SUPERCLASS,ContextCode,CodeBleu,0.313
EXTRACT SUPERCLASS,ContextCode,Total CC,0.0
EXTRACT SUPERCLASS,ContextCode,Total method calls,0.0
EXTRACT SUPERCLASS,ContextCode,Total lines of code,37.0
EXTRACT SUPERCLASS,RulesCode,CodeBleu,0.366
EXTRACT SUPERCLASS,RulesCode,Total CC,0.0
EXTRACT SUPERCLASS,RulesCode,Total method calls,0.0
EXTRACT SUPERCLASS,RulesCode,Total lines of code,17.6
EXTRACT SUPERCLASS,BeforeRefact,CodeBleu,
EXTRACT SUPERCLASS,BeforeRefact,Total CC,0.0
EXTRACT SUPERCLASS,BeforeRefact,Total method calls,0.0
EXTRACT SUPERCLASS,BeforeRefact,Total lines of code,9.0
EXTRACT SUPERCLASS,AfterRefact,CodeBleu,
EXTRACT SUPERCLASS,AfterRefact,Total CC,0.0
EXTRACT SUPERCLASS,AfterRefact,Total method calls,0.0
EXTRACT SUPERCLASS,AfterRefact,Total lines of code,11.0
REPLACE LOOP WITH PIPELINE,ZeroShotCode,CodeBleu,0.148
REPLACE LOOP WITH PIPELINE,ZeroShotCode,Total CC,0.0
REPLACE LOOP WITH PIPELINE,ZeroShotCode,Total method calls,6.0
REPLACE LOOP WITH PIPELINE,ZeroShotCode,Total lines of code,4.8
REPLACE LOOP WITH PIPELINE,FewShotCode,CodeBleu,
REPLACE LOOP WITH PIPELINE,FewShotCode,Total CC,
REPLACE LOOP WITH PIPELINE,FewShotCode,Total method calls,
REPLACE LOOP WITH PIPELINE,FewShotCode,Total lines of code,
REPLACE LOOP WITH PIPELINE,InstrucCode,CodeBleu,0.44
REPLACE LOOP WITH PIPELINE,InstrucCode,Total CC,0.0
REPLACE LOOP WITH PIPELINE,InstrucCode,Total method calls,2.0
REPLACE LOOP WITH PIPELINE,InstrucCode,Total lines of code,3.2
REPLACE LOOP WITH PIPELINE,ContextCode,CodeBleu,0.031
REPLACE LOOP WITH PIPELINE,ContextCode,Total CC,1.0
REPLACE LOOP WITH PIPELINE,ContextCode,Total method calls,4.0
REPLACE LOOP WITH PIPELINE,ContextCode,Total lines of code,7.0
REPLACE LOOP WITH PIPELINE,RulesCode,CodeBleu,
REPLACE LOOP WITH PIPELINE,RulesCode,Total CC,
REPLACE LOOP WITH PIPELINE,RulesCode,Total method calls,
REPLACE LOOP WITH PIPELINE,RulesCode,Total lines of code,
REPLACE LOOP WITH PIPELINE,BeforeRefact,CodeBleu,
REPLACE LOOP WITH PIPELINE,BeforeRefact,Total CC,0.0
REPLACE LOOP WITH PIPELINE,BeforeRefact,Total method calls,1.0
REPLACE LOOP WITH PIPELINE,BeforeRefact,Total lines of code,4.0
REPLACE LOOP WITH PIPELINE,AfterRefact,CodeBleu,
REPLACE LOOP WITH PIPELINE,AfterRefact,Total CC,0.0
REPLACE LOOP WITH PIPELINE,AfterRefact,Total method calls,2.0
REPLACE LOOP WITH PIPELINE,AfterRefact,Total lines of code,3.0
REPLACE SUPERCLASS WITH DELEGATE,ZeroShotCode,CodeBleu,0.262
REPLACE SUPERCLASS WITH DELEGATE,ZeroShotCode,Total CC,0.0
REPLACE SUPERCLASS WITH DELEGATE,ZeroShotCode,Total method calls,0.0
REPLACE SUPERCLASS WITH DELEGATE,ZeroShotCode,Total lines of code,7.2
REPLACE SUPERCLASS WITH DELEGATE,FewShotCode,CodeBleu,
REPLACE SUPERCLASS WITH DELEGATE,FewShotCode,Total CC,
REPLACE SUPERCLASS WITH DELEGATE,FewShotCode,Total method calls,
REPLACE SUPERCLASS WITH DELEGATE,FewShotCode,Total lines of code,
REPLACE SUPERCLASS WITH DELEGATE,InstrucCode,CodeBleu,0.338
REPLACE SUPERCLASS WITH DELEGATE,InstrucCode,Total CC,0.0
REPLACE SUPERCLASS WITH DELEGATE,InstrucCode,Total method calls,2.6
REPLACE SUPERCLASS WITH DELEGATE,InstrucCode,Total lines of code,20.2
REPLACE SUPERCLASS WITH DELEGATE,ContextCode,CodeBleu,0.147
REPLACE SUPERCLASS WITH DELEGATE,ContextCode,Total CC,0.0
REPLACE SUPERCLASS WITH DELEGATE,ContextCode,Total method calls,0.0
REPLACE SUPERCLASS WITH DELEGATE,ContextCode,Total lines of code,5.0
REPLACE SUPERCLASS WITH DELEGATE,RulesCode,CodeBleu,0.254
REPLACE SUPERCLASS WITH DELEGATE,RulesCode,Total CC,0.0
REPLACE SUPERCLASS WITH DELEGATE,RulesCode,Total method calls,0.0
REPLACE SUPERCLASS WITH DELEGATE,RulesCode,Total lines of code,9.0
REPLACE SUPERCLASS WITH DELEGATE,BeforeRefact,CodeBleu,
REPLACE SUPERCLASS WITH DELEGATE,BeforeRefact,Total CC,0.0
REPLACE SUPERCLASS WITH DELEGATE,BeforeRefact,Total method calls,0.0
REPLACE SUPERCLASS WITH DELEGATE,BeforeRefact,Total lines of code,1.0
REPLACE SUPERCLASS WITH DELEGATE,AfterRefact,CodeBleu,
REPLACE SUPERCLASS WITH DELEGATE,AfterRefact,Total CC,0.0
REPLACE SUPERCLASS WITH DELEGATE,AfterRefact,Total method calls,0.0
REPLACE SUPERCLASS WITH DELEGATE,AfterRefact,Total lines of code,5.0
COMBINE FUNCTIONS INTO TRANSFORM,ZeroShotCode,CodeBleu,0.103
COMBINE FUNCTIONS INTO TRANSFORM,ZeroShotCode,Total CC,0.0
COMBINE FUNCTIONS INTO TRANSFORM,ZeroShotCode,Total method calls,1.6
COMBINE FUNCTIONS INTO TRANSFORM,ZeroShotCode,Total lines of code,9.8
COMBINE FUNCTIONS INTO TRANSFORM,FewShotCode,CodeBleu,
COMBINE FUNCTIONS INTO TRANSFORM,FewShotCode,Total CC,
COMBINE FUNCTIONS INTO TRANSFORM,FewShotCode,Total method calls,
COMBINE FUNCTIONS INTO TRANSFORM,FewShotCode,Total lines of code,
COMBINE FUNCTIONS INTO TRANSFORM,InstrucCode,CodeBleu,0.177
COMBINE FUNCTIONS INTO TRANSFORM,InstrucCode,Total CC,0.4
COMBINE FUNCTIONS INTO TRANSFORM,InstrucCode,Total method calls,3.4
COMBINE FUNCTIONS INTO TRANSFORM,InstrucCode,Total lines of code,23.2
COMBINE FUNCTIONS INTO TRANSFORM,ContextCode,CodeBleu,0.159
COMBINE FUNCTIONS INTO TRANSFORM,ContextCode,Total CC,0.2
COMBINE FUNCTIONS INTO TRANSFORM,ContextCode,Total method calls,3.0
COMBINE FUNCTIONS INTO TRANSFORM,ContextCode,Total lines of code,21.0
COMBINE FUNCTIONS INTO TRANSFORM,RulesCode,CodeBleu,
COMBINE FUNCTIONS INTO TRANSFORM,RulesCode,Total CC,
COMBINE FUNCTIONS INTO TRANSFORM,RulesCode,Total method calls,
COMBINE FUNCTIONS INTO TRANSFORM,RulesCode,Total lines of code,
COMBINE FUNCTIONS INTO TRANSFORM,BeforeRefact,CodeBleu,
COMBINE FUNCTIONS INTO TRANSFORM,BeforeRefact,Total CC,0.0
COMBINE FUNCTIONS INTO TRANSFORM,BeforeRefact,Total method calls,0.0
COMBINE FUNCTIONS INTO TRANSFORM,BeforeRefact,Total lines of code,1.0
COMBINE FUNCTIONS INTO TRANSFORM,AfterRefact,CodeBleu,
COMBINE FUNCTIONS INTO TRANSFORM,AfterRefact,Total CC,0.0
COMBINE FUNCTIONS INTO TRANSFORM,AfterRefact,Total method calls,3.0
COMBINE FUNCTIONS INTO TRANSFORM,AfterRefact,Total lines of code,6.0
PARAMETERIZE FUNCTION,ZeroShotCode,CodeBleu,0.33
PARAMETERIZE FUNCTION,ZeroShotCode,Total CC,0.0
PARAMETERIZE FUNCTION,ZeroShotCode,Total method calls,3.6
PARAMETERIZE FUNCTION,ZeroShotCode,Total lines of code,10.4
PARAMETERIZE FUNCTION,FewShotCode,CodeBleu,
PARAMETERIZE FUNCTION,FewShotCode,Total CC,
PARAMETERIZE FUNCTION,FewShotCode,Total method calls,
PARAMETERIZE FUNCTION,FewShotCode,Total lines of code,
PARAMETERIZE FUNCTION,InstrucCode,CodeBleu,0.42
PARAMETERIZE FUNCTION,InstrucCode,Total CC,0.0
PARAMETERIZE FUNCTION,InstrucCode,Total method calls,3.0
PARAMETERIZE FUNCTION,InstrucCode,Total lines of code,10.0
PARAMETERIZE FUNCTION,ContextCode,CodeBleu,0.102
PARAMETERIZE FUNCTION,ContextCode,Total CC,0.0
PARAMETERIZE FUNCTION,ContextCode,Total method calls,5.0
PARAMETERIZE FUNCTION,ContextCode,Total lines of code,14.0
PARAMETERIZE FUNCTION,RulesCode,CodeBleu,0.388
PARAMETERIZE FUNCTION,RulesCode,Total CC,0.0
PARAMETERIZE FUNCTION,RulesCode,Total method calls,3.4
PARAMETERIZE FUNCTION,RulesCode,Total lines of code,10.0
PARAMETERIZE FUNCTION,BeforeRefact,CodeBleu,
PARAMETERIZE FUNCTION,BeforeRefact,Total CC,0.0
PARAMETERIZE FUNCTION,BeforeRefact,Total method calls,2.0
PARAMETERIZE FUNCTION,BeforeRefact,Total lines of code,5.0
PARAMETERIZE FUNCTION,AfterRefact,CodeBleu,
PARAMETERIZE FUNCTION,AfterRefact,Total CC,0.0
PARAMETERIZE FUNCTION,AfterRefact,Total method calls,1.0
PARAMETERIZE FUNCTION,AfterRefact,Total lines of code,2.0
REMOVE FLAG ARGUMENT,ZeroShotCode,CodeBleu,0.292
REMOVE FLAG ARGUMENT,ZeroShotCode,Total CC,0.0
REMOVE FLAG ARGUMENT,ZeroShotCode,Total method calls,0.0
REMOVE FLAG ARGUMENT,ZeroShotCode,Total lines of code,7.0
REMOVE FLAG ARGUMENT,FewShotCode,CodeBleu,
REMOVE FLAG ARGUMENT,FewShotCode,Total CC,
REMOVE FLAG ARGUMENT,FewShotCode,Total method calls,
REMOVE FLAG ARGUMENT,FewShotCode,Total lines of code,
REMOVE FLAG ARGUMENT,InstrucCode,CodeBleu,0.364
REMOVE FLAG ARGUMENT,InstrucCode,Total CC,0.0
REMOVE FLAG ARGUMENT,InstrucCode,Total method calls,0.0
REMOVE FLAG ARGUMENT,InstrucCode,Total lines of code,7.8
REMOVE FLAG ARGUMENT,ContextCode,CodeBleu,0.257
REMOVE FLAG ARGUMENT,ContextCode,Total CC,3.0
REMOVE FLAG ARGUMENT,ContextCode,Total method calls,0.0
REMOVE FLAG ARGUMENT,ContextCode,Total lines of code,13.0
REMOVE FLAG ARGUMENT,RulesCode,CodeBleu,0.35
REMOVE FLAG ARGUMENT,RulesCode,Total CC,0.0
REMOVE FLAG ARGUMENT,RulesCode,Total method calls,0.2
REMOVE FLAG ARGUMENT,RulesCode,Total lines of code,7.0
REMOVE FLAG ARGUMENT,BeforeRefact,CodeBleu,
REMOVE FLAG ARGUMENT,BeforeRefact,Total CC,2.0
REMOVE FLAG ARGUMENT,BeforeRefact,Total method calls,0.0
REMOVE FLAG ARGUMENT,BeforeRefact,Total lines of code,9.0
REMOVE FLAG ARGUMENT,AfterRefact,CodeBleu,
REMOVE FLAG ARGUMENT,AfterRefact,Total CC,0.0
REMOVE FLAG ARGUMENT,AfterRefact,Total method calls,0.0
REMOVE FLAG ARGUMENT,AfterRefact,Total lines of code,1.0
REPLACE PARAMETER WITH QUERY,ZeroShotCode,CodeBleu,0.238
REPLACE PARAMETER WITH QUERY,ZeroShotCode,Total CC,0.0
REPLACE PARAMETER WITH QUERY,ZeroShotCode,Total method calls,0.8
REPLACE PARAMETER WITH QUERY,ZeroShotCode,Total lines of code,4.4
REPLACE PARAMETER WITH QUERY,FewShotCode,CodeBleu,
REPLACE PARAMETER WITH QUERY,FewShotCode,Total CC,
REPLACE PARAMETER WITH QUERY,FewShotCode,Total method calls,
REPLACE PARAMETER WITH QUERY,FewShotCode,Total lines of code,
REPLACE PARAMETER WITH QUERY,InstrucCode,CodeBleu,0.185
REPLACE PARAMETER WITH QUERY,InstrucCode,Total CC,0.0
REPLACE PARAMETER WITH QUERY,InstrucCode,Total method calls,1.0
REPLACE PARAMETER WITH QUERY,InstrucCode,Total lines of code,4.0
REPLACE PARAMETER WITH QUERY,ContextCode,CodeBleu,0.214
REPLACE PARAMETER WITH QUERY,ContextCode,Total CC,3.2
REPLACE PARAMETER WITH QUERY,ContextCode,Total method calls,2.0
REPLACE PARAMETER WITH QUERY,ContextCode,Total lines of code,21.2
REPLACE PARAMETER WITH QUERY,RulesCode,CodeBleu,0.326
REPLACE PARAMETER WITH QUERY,RulesCode,Total CC,0.0
REPLACE PARAMETER WITH QUERY,RulesCode,Total method calls,0.0
REPLACE PARAMETER WITH QUERY,RulesCode,Total lines of code,4.2
REPLACE PARAMETER WITH QUERY,BeforeRefact,CodeBleu,
REPLACE PARAMETER WITH QUERY,BeforeRefact,Total CC,0.0
REPLACE PARAMETER WITH QUERY,BeforeRefact,Total method calls,1.0
REPLACE PARAMETER WITH QUERY,BeforeRefact,Total lines of code,2.0
REPLACE PARAMETER WITH QUERY,AfterRefact,CodeBleu,
REPLACE PARAMETER WITH QUERY,AfterRefact,Total CC,0.0
REPLACE PARAMETER WITH QUERY,AfterRefact,Total method calls,1.0
REPLACE PARAMETER WITH QUERY,AfterRefact,Total lines of code,3.0
REPLACE COMMAND WITH FUNCTION,ZeroShotCode,CodeBleu,0.301
REPLACE COMMAND WITH FUNCTION,ZeroShotCode,Total CC,0.0
REPLACE COMMAND WITH FUNCTION,ZeroShotCode,Total method calls,2.0
REPLACE COMMAND WITH FUNCTION,ZeroShotCode,Total lines of code,15.0
REPLACE COMMAND WITH FUNCTION,FewShotCode,CodeBleu,
REPLACE COMMAND WITH FUNCTION,FewShotCode,Total CC,
REPLACE COMMAND WITH FUNCTION,FewShotCode,Total method calls,
REPLACE COMMAND WITH FUNCTION,FewShotCode,Total lines of code,
REPLACE COMMAND WITH FUNCTION,InstrucCode,CodeBleu,0.308
REPLACE COMMAND WITH FUNCTION,InstrucCode,Total CC,0.0
REPLACE COMMAND WITH FUNCTION,InstrucCode,Total method calls,2.0
REPLACE COMMAND WITH FUNCTION,InstrucCode,Total lines of code,15.0
REPLACE COMMAND WITH FUNCTION,ContextCode,CodeBleu,0.302
REPLACE COMMAND WITH FUNCTION,ContextCode,Total CC,0.0
REPLACE COMMAND WITH FUNCTION,ContextCode,Total method calls,1.0
REPLACE COMMAND WITH FUNCTION,ContextCode,Total lines of code,12.0
REPLACE COMMAND WITH FUNCTION,RulesCode,CodeBleu,
REPLACE COMMAND WITH FUNCTION,RulesCode,Total CC,
REPLACE COMMAND WITH FUNCTION,RulesCode,Total method calls,
REPLACE COMMAND WITH FUNCTION,RulesCode,Total lines of code,
REPLACE COMMAND WITH FUNCTION,BeforeRefact,CodeBleu,
REPLACE COMMAND WITH FUNCTION,BeforeRefact,Total CC,0.0
REPLACE COMMAND WITH FUNCTION,BeforeRefact,Total method calls,0.0
REPLACE COMMAND WITH FUNCTION,BeforeRefact,Total lines of code,8.0
REPLACE COMMAND WITH FUNCTION,AfterRefact,CodeBleu,
REPLACE COMMAND WITH FUNCTION,AfterRefact,Total CC,0.0
REPLACE COMMAND WITH FUNCTION,AfterRefact,Total method calls,0.0
REPLACE COMMAND WITH FUNCTION,AfterRefact,Total lines of code,2.0
CHANGE FUNCTION DECLARATION,ZeroShotCode,CodeBleu,0.25
CHANGE FUNCTION DECLARATION,ZeroShotCode,Total CC,0.0
CHANGE FUNCTION DECLARATION,ZeroShotCode,Total method calls,0.0
CHANGE FUNCTION DECLARATION,ZeroShotCode,Total lines of code,3.2
CHANGE FUNCTION DECLARATION,FewShotCode,CodeBleu,
CHANGE FUNCTION DECLARATION,FewShotCode,Total CC,
CHANGE FUNCTION DECLARATION,FewShotCode,Total method calls,
CHANGE FUNCTION DECLARATION,FewShotCode,Total lines of code,
CHANGE FUNCTION DECLARATION,InstrucCode,CodeBleu,0.25
CHANGE FUNCTION DECLARATION,InstrucCode,Total CC,0.0
CHANGE FUNCTION DECLARATION,InstrucCode,Total method calls,0.0
CHANGE FUNCTION DECLARATION,InstrucCode,Total lines of code,4.0
CHANGE FUNCTION DECLARATION,ContextCode,CodeBleu,0.25
CHANGE FUNCTION DECLARATION,ContextCode,Total CC,0.0
CHANGE FUNCTION DECLARATION,ContextCode,Total method calls,0.0
CHANGE FUNCTION DECLARATION,ContextCode,Total lines of code,9.6
CHANGE FUNCTION DECLARATION,RulesCode,CodeBleu,0.297
CHANGE FUNCTION DECLARATION,RulesCode,Total CC,0.0
CHANGE FUNCTION DECLARATION,RulesCode,Total method calls,0.0
CHANGE FUNCTION DECLARATION,RulesCode,Total lines of code,2.8
CHANGE FUNCTION DECLARATION,BeforeRefact,CodeBleu,
CHANGE FUNCTION DECLARATION,BeforeRefact,Total CC,0.0
CHANGE FUNCTION DECLARATION,BeforeRefact,Total method calls,0.0
CHANGE FUNCTION DECLARATION,BeforeRefact,Total lines of code,0.0
CHANGE FUNCTION DECLARATION,AfterRefact,CodeBleu,
CHANGE FUNCTION DECLARATION,AfterRefact,Total CC,0.0
CHANGE FUNCTION DECLARATION,AfterRefact,Total method calls,0.0
CHANGE FUNCTION DECLARATION,AfterRefact,Total lines of code,0.0
RENAME FIELD,ZeroShotCode,CodeBleu,0.346
RENAME FIELD,ZeroShotCode,Total CC,0.0
RENAME FIELD,ZeroShotCode,Total method calls,0.0
RENAME FIELD,ZeroShotCode,Total lines of code,7.6
RENAME FIELD,FewShotCode,CodeBleu,
RENAME FIELD,FewShotCode,Total CC,
RENAME FIELD,FewShotCode,Total method calls,
RENAME FIELD,FewShotCode,Total lines of code,
RENAME FIELD,InstrucCode,CodeBleu,0.346
RENAME FIELD,InstrucCode,Total CC,0.0
RENAME FIELD,InstrucCode,Total method calls,0.0
RENAME FIELD,InstrucCode,Total lines of code,7.0
RENAME FIELD,ContextCode,CodeBleu,0.343
RENAME FIELD,ContextCode,Total CC,0.0
RENAME FIELD,ContextCode,Total method calls,0.0
RENAME FIELD,ContextCode,Total lines of code,10.0
RENAME FIELD,RulesCode,CodeBleu,
RENAME FIELD,RulesCode,Total CC,
RENAME FIELD,RulesCode,Total method calls,
RENAME FIELD,RulesCode,Total lines of code,
RENAME FIELD,BeforeRefact,CodeBleu,
RENAME FIELD,BeforeRefact,Total CC,0.0
RENAME FIELD,BeforeRefact,Total method calls,0.0
RENAME FIELD,BeforeRefact,Total lines of code,2.0
RENAME FIELD,AfterRefact,CodeBleu,
RENAME FIELD,AfterRefact,Total CC,0.0
RENAME FIELD,AfterRefact,Total method calls,0.0
RENAME FIELD,AfterRefact,Total lines of code,2.0
REPLACE INLINE CODE WITH FUNCTION CALL,ZeroShotCode,CodeBleu,0.131
REPLACE INLINE CODE WITH FUNCTION CALL,ZeroShotCode,Total CC,1.0
REPLACE INLINE CODE WITH FUNCTION CALL,ZeroShotCode,Total method calls,1.8
REPLACE INLINE CODE WITH FUNCTION CALL,ZeroShotCode,Total lines of code,9.8
REPLACE INLINE CODE WITH FUNCTION CALL,FewShotCode,CodeBleu,
REPLACE INLINE CODE WITH FUNCTION CALL,FewShotCode,Total CC,
REPLACE INLINE CODE WITH FUNCTION CALL,FewShotCode,Total method calls,
REPLACE INLINE CODE WITH FUNCTION CALL,FewShotCode,Total lines of code,
REPLACE INLINE CODE WITH FUNCTION CALL,InstrucCode,CodeBleu,0.279
REPLACE INLINE CODE WITH FUNCTION CALL,InstrucCode,Total CC,1.0
REPLACE INLINE CODE WITH FUNCTION CALL,InstrucCode,Total method calls,1.4
REPLACE INLINE CODE WITH FUNCTION CALL,InstrucCode,Total lines of code,8.8
REPLACE INLINE CODE WITH FUNCTION CALL,ContextCode,CodeBleu,0.264
REPLACE INLINE CODE WITH FUNCTION CALL,ContextCode,Total CC,0.2
REPLACE INLINE CODE WITH FUNCTION CALL,ContextCode,Total method calls,1.8
REPLACE INLINE CODE WITH FUNCTION CALL,ContextCode,Total lines of code,3.0
REPLACE INLINE CODE WITH FUNCTION CALL,RulesCode,CodeBleu,
REPLACE INLINE CODE WITH FUNCTION CALL,RulesCode,Total CC,
REPLACE INLINE CODE WITH FUNCTION CALL,RulesCode,Total method calls,
REPLACE INLINE CODE WITH FUNCTION CALL,RulesCode,Total lines of code,
REPLACE INLINE CODE WITH FUNCTION CALL,BeforeRefact,CodeBleu,
REPLACE INLINE CODE WITH FUNCTION CALL,BeforeRefact,Total CC,0.0
REPLACE INLINE CODE WITH FUNCTION CALL,BeforeRefact,Total method calls,0.0
REPLACE INLINE CODE WITH FUNCTION CALL,BeforeRefact,Total lines of code,3.0
REPLACE INLINE CODE WITH FUNCTION CALL,AfterRefact,CodeBleu,
REPLACE INLINE CODE WITH FUNCTION CALL,AfterRefact,Total CC,0.0
REPLACE INLINE CODE WITH FUNCTION CALL,AfterRefact,Total method calls,1.0
REPLACE INLINE CODE WITH FUNCTION CALL,AfterRefact,Total lines of code,0.0
MOVE FUNCTION,ZeroShotCode,CodeBleu,0.308
MOVE FUNCTION,ZeroShotCode,Total CC,0.4
MOVE FUNCTION,ZeroShotCode,Total method calls,0.6
MOVE FUNCTION,ZeroShotCode,Total lines of code,12.8
MOVE FUNCTION,FewShotCode,CodeBleu,
MOVE FUNCTION,FewShotCode,Total CC,
MOVE FUNCTION,FewShotCode,Total method calls,
MOVE FUNCTION,FewShotCode,Total lines of code,
MOVE FUNCTION,InstrucCode,CodeBleu,0.303
MOVE FUNCTION,InstrucCode,Total CC,0.0
MOVE FUNCTION,InstrucCode,Total method calls,0.4
MOVE FUNCTION,InstrucCode,Total lines of code,7.8
MOVE FUNCTION,ContextCode,CodeBleu,0.303
MOVE FUNCTION,ContextCode,Total CC,0.0
MOVE FUNCTION,ContextCode,Total method calls,0.0
MOVE FUNCTION,ContextCode,Total lines of code,5.0
MOVE FUNCTION,RulesCode,CodeBleu,0.49
MOVE FUNCTION,RulesCode,Total CC,0.0
MOVE FUNCTION,RulesCode,Total method calls,0.0
MOVE FUNCTION,RulesCode,Total lines of code,7.6
MOVE FUNCTION,BeforeRefact,CodeBleu,
MOVE FUNCTION,BeforeRefact,Total CC,0.0
MOVE FUNCTION,BeforeRefact,Total method calls,0.0
MOVE FUNCTION,BeforeRefact,Total lines of code,1.0
MOVE FUNCTION,AfterRefact,CodeBleu,
MOVE FUNCTION,AfterRefact,Total CC,0.0
MOVE FUNCTION,AfterRefact,Total method calls,0.0
MOVE FUNCTION,AfterRefact,Total lines of code,1.0
SPLIT VARIABLE,ZeroShotCode,CodeBleu,0.633
SPLIT VARIABLE,ZeroShotCode,Total CC,0.0
SPLIT VARIABLE,ZeroShotCode,Total method calls,2.0
SPLIT VARIABLE,ZeroShotCode,Total lines of code,5.0
SPLIT VARIABLE,FewShotCode,CodeBleu,
SPLIT VARIABLE,FewShotCode,Total CC,
SPLIT VARIABLE,FewShotCode,Total method calls,
SPLIT VARIABLE,FewShotCode,Total lines of code,
SPLIT VARIABLE,InstrucCode,CodeBleu,0.62
SPLIT VARIABLE,InstrucCode,Total CC,0.0
SPLIT VARIABLE,InstrucCode,Total method calls,2.0
SPLIT VARIABLE,InstrucCode,Total lines of code,5.0
SPLIT VARIABLE,ContextCode,CodeBleu,0.633
SPLIT VARIABLE,ContextCode,Total CC,0.0
SPLIT VARIABLE,ContextCode,Total method calls,2.0
SPLIT VARIABLE,ContextCode,Total lines of code,5.0
SPLIT VARIABLE,RulesCode,CodeBleu,0.578
SPLIT VARIABLE,RulesCode,Total CC,0.0
SPLIT VARIABLE,RulesCode,Total method calls,2.0
SPLIT VARIABLE,RulesCode,Total lines of code,5.0
SPLIT VARIABLE,BeforeRefact,CodeBleu,
SPLIT VARIABLE,BeforeRefact,Total CC,0.0
SPLIT VARIABLE,BeforeRefact,Total method calls,2.0
SPLIT VARIABLE,BeforeRefact,Total lines of code,3.0
SPLIT VARIABLE,AfterRefact,CodeBleu,
SPLIT VARIABLE,AfterRefact,Total CC,0.0
SPLIT VARIABLE,AfterRefact,Total method calls,2.0
SPLIT VARIABLE,AfterRefact,Total lines of code,3.0
REPLACE QUERY WITH PARAMETER,ZeroShotCode,CodeBleu,0.235
REPLACE QUERY WITH PARAMETER,ZeroShotCode,Total CC,0.0
REPLACE QUERY WITH PARAMETER,ZeroShotCode,Total method calls,1.0
REPLACE QUERY WITH PARAMETER,ZeroShotCode,Total lines of code,4.0
REPLACE QUERY WITH PARAMETER,FewShotCode,CodeBleu,
REPLACE QUERY WITH PARAMETER,FewShotCode,Total CC,
REPLACE QUERY WITH PARAMETER,FewShotCode,Total method calls,
REPLACE QUERY WITH PARAMETER,FewShotCode,Total lines of code,
REPLACE QUERY WITH PARAMETER,InstrucCode,CodeBleu,0.396
REPLACE QUERY WITH PARAMETER,InstrucCode,Total CC,0.0
REPLACE QUERY WITH PARAMETER,InstrucCode,Total method calls,0.8
REPLACE QUERY WITH PARAMETER,InstrucCode,Total lines of code,5.2
REPLACE QUERY WITH PARAMETER,ContextCode,CodeBleu,0.325
REPLACE QUERY WITH PARAMETER,ContextCode,Total CC,0.0
REPLACE QUERY WITH PARAMETER,ContextCode,Total method calls,1.0
REPLACE QUERY WITH PARAMETER,ContextCode,Total lines of code,13.6
REPLACE QUERY WITH PARAMETER,RulesCode,CodeBleu,
REPLACE QUERY WITH PARAMETER,RulesCode,Total CC,
REPLACE QUERY WITH PARAMETER,RulesCode,Total method calls,
REPLACE QUERY WITH PARAMETER,RulesCode,Total lines of code,
REPLACE QUERY WITH PARAMETER,BeforeRefact,CodeBleu,
REPLACE QUERY WITH PARAMETER,BeforeRefact,Total CC,0.0
REPLACE QUERY WITH PARAMETER,BeforeRefact,Total method calls,1.0
REPLACE QUERY WITH PARAMETER,BeforeRefact,Total lines of code,3.0
REPLACE QUERY WITH PARAMETER,AfterRefact,CodeBleu,
REPLACE QUERY WITH PARAMETER,AfterRefact,Total CC,0.0
REPLACE QUERY WITH PARAMETER,AfterRefact,Total method calls,1.0
REPLACE QUERY WITH PARAMETER,AfterRefact,Total lines of code,2.0
INTRODUCE SPECIAL CASE,ZeroShotCode,CodeBleu,0.261
INTRODUCE SPECIAL CASE,ZeroShotCode,Total CC,0.0
INTRODUCE SPECIAL CASE,ZeroShotCode,Total method calls,1.2
INTRODUCE SPECIAL CASE,ZeroShotCode,Total lines of code,5.8
INTRODUCE SPECIAL CASE,FewShotCode,CodeBleu,
INTRODUCE SPECIAL CASE,FewShotCode,Total CC,
INTRODUCE SPECIAL CASE,FewShotCode,Total method calls,
INTRODUCE SPECIAL CASE,FewShotCode,Total lines of code,
INTRODUCE SPECIAL CASE,InstrucCode,CodeBleu,0.29
INTRODUCE SPECIAL CASE,InstrucCode,Total CC,1.0
INTRODUCE SPECIAL CASE,InstrucCode,Total method calls,3.8
INTRODUCE SPECIAL CASE,InstrucCode,Total lines of code,27.2
INTRODUCE SPECIAL CASE,ContextCode,CodeBleu,0.258
INTRODUCE SPECIAL CASE,ContextCode,Total CC,0.4
INTRODUCE SPECIAL CASE,ContextCode,Total method calls,1.0
INTRODUCE SPECIAL CASE,ContextCode,Total lines of code,3.2
INTRODUCE SPECIAL CASE,RulesCode,CodeBleu,0.254
INTRODUCE SPECIAL CASE,RulesCode,Total CC,0.0
INTRODUCE SPECIAL CASE,RulesCode,Total method calls,0.6
INTRODUCE SPECIAL CASE,RulesCode,Total lines of code,3.8
INTRODUCE SPECIAL CASE,BeforeRefact,CodeBleu,
INTRODUCE SPECIAL CASE,BeforeRefact,Total CC,1.0
INTRODUCE SPECIAL CASE,BeforeRefact,Total method calls,0.0
INTRODUCE SPECIAL CASE,BeforeRefact,Total lines of code,0.0
INTRODUCE SPECIAL CASE,AfterRefact,CodeBleu,
INTRODUCE SPECIAL CASE,AfterRefact,Total CC,0.0
INTRODUCE SPECIAL CASE,AfterRefact,Total method calls,0.0
INTRODUCE SPECIAL CASE,AfterRefact,Total lines of code,1.0
REMOVE DEAD CODE,ZeroShotCode,CodeBleu,0.25
REMOVE DEAD CODE,ZeroShotCode,Total CC,0.0
REMOVE DEAD CODE,ZeroShotCode,Total method calls,0.0
REMOVE DEAD CODE,ZeroShotCode,Total lines of code,1.0
REMOVE DEAD CODE,FewShotCode,CodeBleu,
REMOVE DEAD CODE,FewShotCode,Total CC,
REMOVE DEAD CODE,FewShotCode,Total method calls,
REMOVE DEAD CODE,FewShotCode,Total lines of code,
REMOVE DEAD CODE,InstrucCode,CodeBleu,0.25
REMOVE DEAD CODE,InstrucCode,Total CC,0.0
REMOVE DEAD CODE,InstrucCode,Total method calls,0.0
REMOVE DEAD CODE,InstrucCode,Total lines of code,1.0
REMOVE DEAD CODE,ContextCode,CodeBleu,0.25
REMOVE DEAD CODE,ContextCode,Total CC,0.0
REMOVE DEAD CODE,ContextCode,Total method calls,0.0
REMOVE DEAD CODE,ContextCode,Total lines of code,1.0
REMOVE DEAD CODE,RulesCode,CodeBleu,
REMOVE DEAD CODE,RulesCode,Total CC,
REMOVE DEAD CODE,RulesCode,Total method calls,
REMOVE DEAD CODE,RulesCode,Total lines of code,
REMOVE DEAD CODE,BeforeRefact,CodeBleu,
REMOVE DEAD CODE,BeforeRefact,Total CC,1.0
REMOVE DEAD CODE,BeforeRefact,Total method calls,1.0
REMOVE DEAD CODE,BeforeRefact,Total lines of code,2.0
REMOVE DEAD CODE,AfterRefact,CodeBleu,
REMOVE DEAD CODE,AfterRefact,Total CC,0.0
REMOVE DEAD CODE,AfterRefact,Total method calls,0.0
REMOVE DEAD CODE,AfterRefact,Total lines of code,0.0
RENAME VARIABLE,ZeroShotCode,CodeBleu,0.742
RENAME VARIABLE,ZeroShotCode,Total CC,0.0
RENAME VARIABLE,ZeroShotCode,Total method calls,0.0
RENAME VARIABLE,ZeroShotCode,Total lines of code,2.0
RENAME VARIABLE,FewShotCode,CodeBleu,
RENAME VARIABLE,FewShotCode,Total CC,
RENAME VARIABLE,FewShotCode,Total method calls,
RENAME VARIABLE,FewShotCode,Total lines of code,
RENAME VARIABLE,InstrucCode,CodeBleu,0.775
RENAME VARIABLE,InstrucCode,Total CC,0.0
RENAME VARIABLE,InstrucCode,Total method calls,0.0
RENAME VARIABLE,InstrucCode,Total lines of code,2.0
RENAME VARIABLE,ContextCode,CodeBleu,0.694
RENAME VARIABLE,ContextCode,Total CC,0.0
RENAME VARIABLE,ContextCode,Total method calls,0.0
RENAME VARIABLE,ContextCode,Total lines of code,2.0
RENAME VARIABLE,RulesCode,CodeBleu,
RENAME VARIABLE,RulesCode,Total CC,
RENAME VARIABLE,RulesCode,Total method calls,
RENAME VARIABLE,RulesCode,Total lines of code,
RENAME VARIABLE,BeforeRefact,CodeBleu,
RENAME VARIABLE,BeforeRefact,Total CC,0.0
RENAME VARIABLE,BeforeRefact,Total method calls,0.0
RENAME VARIABLE,BeforeRefact,Total lines of code,0.0
RENAME VARIABLE,AfterRefact,CodeBleu,
RENAME VARIABLE,AfterRefact,Total CC,0.0
RENAME VARIABLE,AfterRefact,Total method calls,0.0
RENAME VARIABLE,AfterRefact,Total lines of code,0.0
REPLACE TYPE CODE WITH SUBCLASSES,ZeroShotCode,CodeBleu,0.353
REPLACE TYPE CODE WITH SUBCLASSES,ZeroShotCode,Total CC,2.8
REPLACE TYPE CODE WITH SUBCLASSES,ZeroShotCode,Total method calls,1.4
REPLACE TYPE CODE WITH SUBCLASSES,ZeroShotCode,Total lines of code,36.4
REPLACE TYPE CODE WITH SUBCLASSES,FewShotCode,CodeBleu,
REPLACE TYPE CODE WITH SUBCLASSES,FewShotCode,Total CC,
REPLACE TYPE CODE WITH SUBCLASSES,FewShotCode,Total method calls,
REPLACE TYPE CODE WITH SUBCLASSES,FewShotCode,Total lines of code,
REPLACE TYPE CODE WITH SUBCLASSES,InstrucCode,CodeBleu,0.418
REPLACE TYPE CODE WITH SUBCLASSES,InstrucCode,Total CC,4.0
REPLACE TYPE CODE WITH SUBCLASSES,InstrucCode,Total method calls,0.2
REPLACE TYPE CODE WITH SUBCLASSES,InstrucCode,Total lines of code,49.2
REPLACE TYPE CODE WITH SUBCLASSES,ContextCode,CodeBleu,0.212
REPLACE TYPE CODE WITH SUBCLASSES,ContextCode,Total CC,0.0
REPLACE TYPE CODE WITH SUBCLASSES,ContextCode,Total method calls,0.0
REPLACE TYPE CODE WITH SUBCLASSES,ContextCode,Total lines of code,4.8
REPLACE TYPE CODE WITH SUBCLASSES,RulesCode,CodeBleu,0.304
REPLACE TYPE CODE WITH SUBCLASSES,RulesCode,Total CC,1.2
REPLACE TYPE CODE WITH SUBCLASSES,RulesCode,Total method calls,0.4
REPLACE TYPE CODE WITH SUBCLASSES,RulesCode,Total lines of code,25.2
REPLACE TYPE CODE WITH SUBCLASSES,BeforeRefact,CodeBleu,
REPLACE TYPE CODE WITH SUBCLASSES,BeforeRefact,Total CC,0.0
REPLACE TYPE CODE WITH SUBCLASSES,BeforeRefact,Total method calls,0.0
REPLACE TYPE CODE WITH SUBCLASSES,BeforeRefact,Total lines of code,2.0
REPLACE TYPE CODE WITH SUBCLASSES,AfterRefact,CodeBleu,
REPLACE TYPE CODE WITH SUBCLASSES,AfterRefact,Total CC,3.0
REPLACE TYPE CODE WITH SUBCLASSES,AfterRefact,Total method calls,0.0
REPLACE TYPE CODE WITH SUBCLASSES,AfterRefact,Total lines of code,5.0
INLINE FUNCTION,ZeroShotCode,CodeBleu,0.552
INLINE FUNCTION,ZeroShotCode,Total CC,1.0
INLINE FUNCTION,ZeroShotCode,Total method calls,0.0
INLINE FUNCTION,ZeroShotCode,Total lines of code,4.0
INLINE FUNCTION,FewShotCode,CodeBleu,
INLINE FUNCTION,FewShotCode,Total CC,
INLINE FUNCTION,FewShotCode,Total method calls,
INLINE FUNCTION,FewShotCode,Total lines of code,
INLINE FUNCTION,InstrucCode,CodeBleu,0.466
INLINE FUNCTION,InstrucCode,Total CC,1.0
INLINE FUNCTION,InstrucCode,Total method calls,0.0
INLINE FUNCTION,InstrucCode,Total lines of code,4.0
INLINE FUNCTION,ContextCode,CodeBleu,0.374
INLINE FUNCTION,ContextCode,Total CC,1.0
INLINE FUNCTION,ContextCode,Total method calls,1.0
INLINE FUNCTION,ContextCode,Total lines of code,13.0
INLINE FUNCTION,RulesCode,CodeBleu,0.552
INLINE FUNCTION,RulesCode,Total CC,1.0
INLINE FUNCTION,RulesCode,Total method calls,0.0
INLINE FUNCTION,RulesCode,Total lines of code,4.0
INLINE FUNCTION,BeforeRefact,CodeBleu,
INLINE FUNCTION,BeforeRefact,Total CC,1.0
INLINE FUNCTION,BeforeRefact,Total method calls,1.0
INLINE FUNCTION,BeforeRefact,Total lines of code,5.0
INLINE FUNCTION,AfterRefact,CodeBleu,
INLINE FUNCTION,AfterRefact,Total CC,1.0
INLINE FUNCTION,AfterRefact,Total method calls,0.0
INLINE FUNCTION,AfterRefact,Total lines of code,2.0
COMBINE FUNCTIONS INTO CLASS,ZeroShotCode,CodeBleu,0.315
COMBINE FUNCTIONS INTO CLASS,ZeroShotCode,Total CC,0.2
COMBINE FUNCTIONS INTO CLASS,ZeroShotCode,Total method calls,3.8
COMBINE FUNCTIONS INTO CLASS,ZeroShotCode,Total lines of code,20.2
COMBINE FUNCTIONS INTO CLASS,FewShotCode,CodeBleu,
COMBINE FUNCTIONS INTO CLASS,FewShotCode,Total CC,
COMBINE FUNCTIONS INTO CLASS,FewShotCode,Total method calls,
COMBINE FUNCTIONS INTO CLASS,FewShotCode,Total lines of code,
COMBINE FUNCTIONS INTO CLASS,InstrucCode,CodeBleu,0.347
COMBINE FUNCTIONS INTO CLASS,InstrucCode,Total CC,0.0
COMBINE FUNCTIONS INTO CLASS,InstrucCode,Total method calls,2.4
COMBINE FUNCTIONS INTO CLASS,InstrucCode,Total lines of code,18.6
COMBINE FUNCTIONS INTO CLASS,ContextCode,CodeBleu,0.304
COMBINE FUNCTIONS INTO CLASS,ContextCode,Total CC,0.6
COMBINE FUNCTIONS INTO CLASS,ContextCode,Total method calls,4.0
COMBINE FUNCTIONS INTO CLASS,ContextCode,Total lines of code,20.6
COMBINE FUNCTIONS INTO CLASS,RulesCode,CodeBleu,
COMBINE FUNCTIONS INTO CLASS,RulesCode,Total CC,
COMBINE FUNCTIONS INTO CLASS,RulesCode,Total method calls,
COMBINE FUNCTIONS INTO CLASS,RulesCode,Total lines of code,
COMBINE FUNCTIONS INTO CLASS,BeforeRefact,CodeBleu,
COMBINE FUNCTIONS INTO CLASS,BeforeRefact,Total CC,0.0
COMBINE FUNCTIONS INTO CLASS,BeforeRefact,Total method calls,0.0
COMBINE FUNCTIONS INTO CLASS,BeforeRefact,Total lines of code,2.0
COMBINE FUNCTIONS INTO CLASS,AfterRefact,CodeBleu,
COMBINE FUNCTIONS INTO CLASS,AfterRefact,Total CC,0.0
COMBINE FUNCTIONS INTO CLASS,AfterRefact,Total method calls,0.0
COMBINE FUNCTIONS INTO CLASS,AfterRefact,Total lines of code,4.0
MOVE FIELD,ZeroShotCode,CodeBleu,0.321
MOVE FIELD,ZeroShotCode,Total CC,0.0
MOVE FIELD,ZeroShotCode,Total method calls,0.0
MOVE FIELD,ZeroShotCode,Total lines of code,11.0
MOVE FIELD,FewShotCode,CodeBleu,
MOVE FIELD,FewShotCode,Total CC,
MOVE FIELD,FewShotCode,Total method calls,
MOVE FIELD,FewShotCode,Total lines of code,
MOVE FIELD,InstrucCode,CodeBleu,0.361
MOVE FIELD,InstrucCode,Total CC,0.0
MOVE FIELD,InstrucCode,Total method calls,0.0
MOVE FIELD,InstrucCode,Total lines of code,11.6
MOVE FIELD,ContextCode,CodeBleu,0.321
MOVE FIELD,ContextCode,Total CC,0.0
MOVE FIELD,ContextCode,Total method calls,0.0
MOVE FIELD,ContextCode,Total lines of code,11.0
MOVE FIELD,RulesCode,CodeBleu,0.362
MOVE FIELD,RulesCode,Total CC,0.0
MOVE FIELD,RulesCode,Total method calls,0.0
MOVE FIELD,RulesCode,Total lines of code,15.0
MOVE FIELD,BeforeRefact,CodeBleu,
MOVE FIELD,BeforeRefact,Total CC,0.0
MOVE FIELD,BeforeRefact,Total method calls,0.0
MOVE FIELD,BeforeRefact,Total lines of code,2.0
MOVE FIELD,AfterRefact,CodeBleu,
MOVE FIELD,AfterRefact,Total CC,0.0
MOVE FIELD,AfterRefact,Total method calls,0.0
MOVE FIELD,AfterRefact,Total lines of code,2.0
REPLACE TEMP WITH QUERY,ZeroShotCode,CodeBleu,0.156
REPLACE TEMP WITH QUERY,ZeroShotCode,Total CC,1.0
REPLACE TEMP WITH QUERY,ZeroShotCode,Total method calls,0.0
REPLACE TEMP WITH QUERY,ZeroShotCode,Total lines of code,3.6
REPLACE TEMP WITH QUERY,FewShotCode,CodeBleu,
REPLACE TEMP WITH QUERY,FewShotCode,Total CC,
REPLACE TEMP WITH QUERY,FewShotCode,Total method calls,
REPLACE TEMP WITH QUERY,FewShotCode,Total lines of code,
REPLACE TEMP WITH QUERY,InstrucCode,CodeBleu,0.292
REPLACE TEMP WITH QUERY,InstrucCode,Total CC,0.8
REPLACE TEMP WITH QUERY,InstrucCode,Total method calls,1.4
REPLACE TEMP WITH QUERY,InstrucCode,Total lines of code,10.2
REPLACE TEMP WITH QUERY,ContextCode,CodeBleu,0.15
REPLACE TEMP WITH QUERY,ContextCode,Total CC,1.0
REPLACE TEMP WITH QUERY,ContextCode,Total method calls,0.0
REPLACE TEMP WITH QUERY,ContextCode,Total lines of code,6.0
REPLACE TEMP WITH QUERY,RulesCode,CodeBleu,0.357
REPLACE TEMP WITH QUERY,RulesCode,Total CC,0.0
REPLACE TEMP WITH QUERY,RulesCode,Total method calls,0.0
REPLACE TEMP WITH QUERY,RulesCode,Total lines of code,5.2
REPLACE TEMP WITH QUERY,BeforeRefact,CodeBleu,
REPLACE TEMP WITH QUERY,BeforeRefact,Total CC,1.0
REPLACE TEMP WITH QUERY,BeforeRefact,Total method calls,0.0
REPLACE TEMP WITH QUERY,BeforeRefact,Total lines of code,4.0
REPLACE TEMP WITH QUERY,AfterRefact,CodeBleu,
REPLACE TEMP WITH QUERY,AfterRefact,Total CC,1.0
REPLACE TEMP WITH QUERY,AfterRefact,Total method calls,0.0
REPLACE TEMP WITH QUERY,AfterRefact,Total lines of code,4.0
CHANGE VALUE TO REFERENCE,ZeroShotCode,CodeBleu,0.19
CHANGE VALUE TO REFERENCE,ZeroShotCode,Total CC,0.0
CHANGE VALUE TO REFERENCE,ZeroShotCode,Total method calls,0.6
CHANGE VALUE TO REFERENCE,ZeroShotCode,Total lines of code,2.0
CHANGE VALUE TO REFERENCE,FewShotCode,CodeBleu,
CHANGE VALUE TO REFERENCE,FewShotCode,Total CC,
CHANGE VALUE TO REFERENCE,FewShotCode,Total method calls,
CHANGE VALUE TO REFERENCE,FewShotCode,Total lines of code,
CHANGE VALUE TO REFERENCE,InstrucCode,CodeBleu,0.222
CHANGE VALUE TO REFERENCE,InstrucCode,Total CC,0.0
CHANGE VALUE TO REFERENCE,InstrucCode,Total method calls,3.4
CHANGE VALUE TO REFERENCE,InstrucCode,Total lines of code,26.6
CHANGE VALUE TO REFERENCE,ContextCode,CodeBleu,0.158
CHANGE VALUE TO REFERENCE,ContextCode,Total CC,0.0
CHANGE VALUE TO REFERENCE,ContextCode,Total method calls,0.0
CHANGE VALUE TO REFERENCE,ContextCode,Total lines of code,2.0
CHANGE VALUE TO REFERENCE,RulesCode,CodeBleu,0.261
CHANGE VALUE TO REFERENCE,RulesCode,Total CC,0.0
CHANGE VALUE TO REFERENCE,RulesCode,Total method calls,1.0
CHANGE VALUE TO REFERENCE,RulesCode,Total lines of code,2.0
CHANGE VALUE TO REFERENCE,BeforeRefact,CodeBleu,
CHANGE VALUE TO REFERENCE,BeforeRefact,Total CC,0.0
CHANGE VALUE TO REFERENCE,BeforeRefact,Total method calls,0.0
CHANGE VALUE TO REFERENCE,BeforeRefact,Total lines of code,0.0
CHANGE VALUE TO REFERENCE,AfterRefact,CodeBleu,
CHANGE VALUE TO REFERENCE,AfterRefact,Total CC,0.0
CHANGE VALUE TO REFERENCE,AfterRefact,Total method calls,1.0
CHANGE VALUE TO REFERENCE,AfterRefact,Total lines of code,0.0
MOVE STATEMENTS INTO FUNCTION,ZeroShotCode,CodeBleu,0.325
MOVE STATEMENTS INTO FUNCTION,ZeroShotCode,Total CC,0.0
MOVE STATEMENTS INTO FUNCTION,ZeroShotCode,Total method calls,8.2
MOVE STATEMENTS INTO FUNCTION,ZeroShotCode,Total lines of code,13.6
MOVE STATEMENTS INTO FUNCTION,FewShotCode,CodeBleu,
MOVE STATEMENTS INTO FUNCTION,FewShotCode,Total CC,
MOVE STATEMENTS INTO FUNCTION,FewShotCode,Total method calls,
MOVE STATEMENTS INTO FUNCTION,FewShotCode,Total lines of code,
MOVE STATEMENTS INTO FUNCTION,InstrucCode,CodeBleu,0.639
MOVE STATEMENTS INTO FUNCTION,InstrucCode,Total CC,0.0
MOVE STATEMENTS INTO FUNCTION,InstrucCode,Total method calls,3.0
MOVE STATEMENTS INTO FUNCTION,InstrucCode,Total lines of code,11.8
MOVE STATEMENTS INTO FUNCTION,ContextCode,CodeBleu,0.267
MOVE STATEMENTS INTO FUNCTION,ContextCode,Total CC,0.0
MOVE STATEMENTS INTO FUNCTION,ContextCode,Total method calls,8.6
MOVE STATEMENTS INTO FUNCTION,ContextCode,Total lines of code,12.0
MOVE STATEMENTS INTO FUNCTION,RulesCode,CodeBleu,
MOVE STATEMENTS INTO FUNCTION,RulesCode,Total CC,
MOVE STATEMENTS INTO FUNCTION,RulesCode,Total method calls,
MOVE STATEMENTS INTO FUNCTION,RulesCode,Total lines of code,
MOVE STATEMENTS INTO FUNCTION,BeforeRefact,CodeBleu,
MOVE STATEMENTS INTO FUNCTION,BeforeRefact,Total CC,0.0
MOVE STATEMENTS INTO FUNCTION,BeforeRefact,Total method calls,3.0
MOVE STATEMENTS INTO FUNCTION,BeforeRefact,Total lines of code,7.0
MOVE STATEMENTS INTO FUNCTION,AfterRefact,CodeBleu,
MOVE STATEMENTS INTO FUNCTION,AfterRefact,Total CC,0.0
MOVE STATEMENTS INTO FUNCTION,AfterRefact,Total method calls,3.0
MOVE STATEMENTS INTO FUNCTION,AfterRefact,Total lines of code,7.0
SEPARATE QUERY FROM MODIFIER,ZeroShotCode,CodeBleu,0.288
SEPARATE QUERY FROM MODIFIER,ZeroShotCode,Total CC,0.0
SEPARATE QUERY FROM MODIFIER,ZeroShotCode,Total method calls,6.4
SEPARATE QUERY FROM MODIFIER,ZeroShotCode,Total lines of code,19.8
SEPARATE QUERY FROM MODIFIER,FewShotCode,CodeBleu,
SEPARATE QUERY FROM MODIFIER,FewShotCode,Total CC,
SEPARATE QUERY FROM MODIFIER,FewShotCode,Total method calls,
SEPARATE QUERY FROM MODIFIER,FewShotCode,Total lines of code,
SEPARATE QUERY FROM MODIFIER,InstrucCode,CodeBleu,0.239
SEPARATE QUERY FROM MODIFIER,InstrucCode,Total CC,0.0
SEPARATE QUERY FROM MODIFIER,InstrucCode,Total method calls,5.4
SEPARATE QUERY FROM MODIFIER,InstrucCode,Total lines of code,13.0
SEPARATE QUERY FROM MODIFIER,ContextCode,CodeBleu,0.288
SEPARATE QUERY FROM MODIFIER,ContextCode,Total CC,0.0
SEPARATE QUERY FROM MODIFIER,ContextCode,Total method calls,6.0
SEPARATE QUERY FROM MODIFIER,ContextCode,Total lines of code,19.0
SEPARATE QUERY FROM MODIFIER,RulesCode,CodeBleu,0.391
SEPARATE QUERY FROM MODIFIER,RulesCode,Total CC,0.0
SEPARATE QUERY FROM MODIFIER,RulesCode,Total method calls,4.8
SEPARATE QUERY FROM MODIFIER,RulesCode,Total lines of code,13.0
SEPARATE QUERY FROM MODIFIER,BeforeRefact,CodeBleu,
SEPARATE QUERY FROM MODIFIER,BeforeRefact,Total CC,0.0
SEPARATE QUERY FROM MODIFIER,BeforeRefact,Total method calls,2.0
SEPARATE QUERY FROM MODIFIER,BeforeRefact,Total lines of code,4.0
SEPARATE QUERY FROM MODIFIER,AfterRefact,CodeBleu,
SEPARATE QUERY FROM MODIFIER,AfterRefact,Total CC,0.0
SEPARATE QUERY FROM MODIFIER,AfterRefact,Total method calls,3.0
SEPARATE QUERY FROM MODIFIER,AfterRefact,Total lines of code,5.0
HIDE DELEGATE,ZeroShotCode,CodeBleu,0.156
HIDE DELEGATE,ZeroShotCode,Total CC,0.0
HIDE DELEGATE,ZeroShotCode,Total method calls,2.0
HIDE DELEGATE,ZeroShotCode,Total lines of code,8.4
HIDE DELEGATE,FewShotCode,CodeBleu,
HIDE DELEGATE,FewShotCode,Total CC,
HIDE DELEGATE,FewShotCode,Total method calls,
HIDE DELEGATE,FewShotCode,Total lines of code,
HIDE DELEGATE,InstrucCode,CodeBleu,0.262
HIDE DELEGATE,InstrucCode,Total CC,0.0
HIDE DELEGATE,InstrucCode,Total method calls,2.4
HIDE DELEGATE,InstrucCode,Total lines of code,29.2
HIDE DELEGATE,ContextCode,CodeBleu,0.121
HIDE DELEGATE,ContextCode,Total CC,0.0
HIDE DELEGATE,ContextCode,Total method calls,2.0
HIDE DELEGATE,ContextCode,Total lines of code,2.0
HIDE DELEGATE,RulesCode,CodeBleu,0.142
HIDE DELEGATE,RulesCode,Total CC,0.0
HIDE DELEGATE,RulesCode,Total method calls,0.6
HIDE DELEGATE,RulesCode,Total lines of code,2.0
HIDE DELEGATE,BeforeRefact,CodeBleu,
HIDE DELEGATE,BeforeRefact,Total CC,0.0
HIDE DELEGATE,BeforeRefact,Total method calls,0.0
HIDE DELEGATE,BeforeRefact,Total lines of code,0.0
HIDE DELEGATE,AfterRefact,CodeBleu,
HIDE DELEGATE,AfterRefact,Total CC,0.0
HIDE DELEGATE,AfterRefact,Total method calls,0.0
HIDE DELEGATE,AfterRefact,Total lines of code,2.0
PULL UP METHOD,ZeroShotCode,CodeBleu,0.451
PULL UP METHOD,ZeroShotCode,Total CC,0.0
PULL UP METHOD,ZeroShotCode,Total method calls,0.0
PULL UP METHOD,ZeroShotCode,Total lines of code,14.6
PULL UP METHOD,FewShotCode,CodeBleu,
PULL UP METHOD,FewShotCode,Total CC,
PULL UP METHOD,FewShotCode,Total method calls,
PULL UP METHOD,FewShotCode,Total lines of code,
PULL UP METHOD,InstrucCode,CodeBleu,0.451
PULL UP METHOD,InstrucCode,Total CC,0.0
PULL UP METHOD,InstrucCode,Total method calls,0.4
PULL UP METHOD,InstrucCode,Total lines of code,12.0
PULL UP METHOD,ContextCode,CodeBleu,0.45
PULL UP METHOD,ContextCode,Total CC,0.0
PULL UP METHOD,ContextCode,Total method calls,0.0
PULL UP METHOD,ContextCode,Total lines of code,15.6
PULL UP METHOD,RulesCode,CodeBleu,0.454
PULL UP METHOD,RulesCode,Total CC,0.0
PULL UP METHOD,RulesCode,Total method calls,0.0
PULL UP METHOD,RulesCode,Total lines of code,11.6
PULL UP METHOD,BeforeRefact,CodeBleu,
PULL UP METHOD,BeforeRefact,Total CC,0.0
PULL UP METHOD,BeforeRefact,Total method calls,0.0
PULL UP METHOD,BeforeRefact,Total lines of code,6.0
PULL UP METHOD,AfterRefact,CodeBleu,
PULL UP METHOD,AfterRefact,Total CC,0.0
PULL UP METHOD,AfterRefact,Total method calls,0.0
PULL UP METHOD,AfterRefact,Total lines of code,4.0
SLIDE STATEMENTS,ZeroShotCode,CodeBleu,0.398
SLIDE STATEMENTS,ZeroShotCode,Total CC,0.0
SLIDE STATEMENTS,ZeroShotCode,Total method calls,2.8
SLIDE STATEMENTS,ZeroShotCode,Total lines of code,5.4
SLIDE STATEMENTS,FewShotCode,CodeBleu,
SLIDE STATEMENTS,FewShotCode,Total CC,
SLIDE STATEMENTS,FewShotCode,Total method calls,
SLIDE STATEMENTS,FewShotCode,Total lines of code,
SLIDE STATEMENTS,InstrucCode,CodeBleu,0.604
SLIDE STATEMENTS,InstrucCode,Total CC,0.0
SLIDE STATEMENTS,InstrucCode,Total method calls,2.2
SLIDE STATEMENTS,InstrucCode,Total lines of code,5.0
SLIDE STATEMENTS,ContextCode,CodeBleu,0.349
SLIDE STATEMENTS,ContextCode,Total CC,0.0
SLIDE STATEMENTS,ContextCode,Total method calls,3.0
SLIDE STATEMENTS,ContextCode,Total lines of code,4.8
SLIDE STATEMENTS,RulesCode,CodeBleu,0.447
SLIDE STATEMENTS,RulesCode,Total CC,0.0
SLIDE STATEMENTS,RulesCode,Total method calls,2.2
SLIDE STATEMENTS,RulesCode,Total lines of code,4.8
SLIDE STATEMENTS,BeforeRefact,CodeBleu,
SLIDE STATEMENTS,BeforeRefact,Total CC,0.0
SLIDE STATEMENTS,BeforeRefact,Total method calls,2.0
SLIDE STATEMENTS,BeforeRefact,Total lines of code,3.0
SLIDE STATEMENTS,AfterRefact,CodeBleu,
SLIDE STATEMENTS,AfterRefact,Total CC,0.0
SLIDE STATEMENTS,AfterRefact,Total method calls,2.0
SLIDE STATEMENTS,AfterRefact,Total lines of code,3.0
EXTRACT CLASS,ZeroShotCode,CodeBleu,0.344
EXTRACT CLASS,ZeroShotCode,Total CC,0.0
EXTRACT CLASS,ZeroShotCode,Total method calls,2.0
EXTRACT CLASS,ZeroShotCode,Total lines of code,26.4
EXTRACT CLASS,FewShotCode,CodeBleu,
EXTRACT CLASS,FewShotCode,Total CC,
EXTRACT CLASS,FewShotCode,Total method calls,
EXTRACT CLASS,FewShotCode,Total lines of code,
EXTRACT CLASS,InstrucCode,CodeBleu,0.351
EXTRACT CLASS,InstrucCode,Total CC,0.0
EXTRACT CLASS,InstrucCode,Total method calls,1.6
EXTRACT CLASS,InstrucCode,Total lines of code,27.4
EXTRACT CLASS,ContextCode,CodeBleu,0.263
EXTRACT CLASS,ContextCode,Total CC,0.0
EXTRACT CLASS,ContextCode,Total method calls,0.0
EXTRACT CLASS,ContextCode,Total lines of code,14.2
EXTRACT CLASS,RulesCode,CodeBleu,0.344
EXTRACT CLASS,RulesCode,Total CC,0.0
EXTRACT CLASS,RulesCode,Total method calls,1.6
EXTRACT CLASS,RulesCode,Total lines of code,25.2
EXTRACT CLASS,BeforeRefact,CodeBleu,
EXTRACT CLASS,BeforeRefact,Total CC,0.0
EXTRACT CLASS,BeforeRefact,Total method calls,0.0
EXTRACT CLASS,BeforeRefact,Total lines of code,2.0
EXTRACT CLASS,AfterRefact,CodeBleu,
EXTRACT CLASS,AfterRefact,Total CC,0.0
EXTRACT CLASS,AfterRefact,Total method calls,0.0
EXTRACT CLASS,AfterRefact,Total lines of code,7.0
CONSOLIDATE CONDITIONAL EXPRESSION,ZeroShotCode,CodeBleu,0.19
CONSOLIDATE CONDITIONAL EXPRESSION,ZeroShotCode,Total CC,2.0
CONSOLIDATE CONDITIONAL EXPRESSION,ZeroShotCode,Total method calls,0.0
CONSOLIDATE CONDITIONAL EXPRESSION,ZeroShotCode,Total lines of code,3.2
CONSOLIDATE CONDITIONAL EXPRESSION,FewShotCode,CodeBleu,
CONSOLIDATE CONDITIONAL EXPRESSION,FewShotCode,Total CC,
CONSOLIDATE CONDITIONAL EXPRESSION,FewShotCode,Total method calls,
CONSOLIDATE CONDITIONAL EXPRESSION,FewShotCode,Total lines of code,
CONSOLIDATE CONDITIONAL EXPRESSION,InstrucCode,CodeBleu,0.191
CONSOLIDATE CONDITIONAL EXPRESSION,InstrucCode,Total CC,2.0
CONSOLIDATE CONDITIONAL EXPRESSION,InstrucCode,Total method calls,0.0
CONSOLIDATE CONDITIONAL EXPRESSION,InstrucCode,Total lines of code,3.6
CONSOLIDATE CONDITIONAL EXPRESSION,ContextCode,CodeBleu,0.19
CONSOLIDATE CONDITIONAL EXPRESSION,ContextCode,Total CC,2.0
CONSOLIDATE CONDITIONAL EXPRESSION,ContextCode,Total method calls,1.0
CONSOLIDATE CONDITIONAL EXPRESSION,ContextCode,Total lines of code,8.2
CONSOLIDATE CONDITIONAL EXPRESSION,RulesCode,CodeBleu,0.192
CONSOLIDATE CONDITIONAL EXPRESSION,RulesCode,Total CC,2.0
CONSOLIDATE CONDITIONAL EXPRESSION,RulesCode,Total method calls,0.0
CONSOLIDATE CONDITIONAL EXPRESSION,RulesCode,Total lines of code,4.0
CONSOLIDATE CONDITIONAL EXPRESSION,BeforeRefact,CodeBleu,
CONSOLIDATE CONDITIONAL EXPRESSION,BeforeRefact,Total CC,3.0
CONSOLIDATE CONDITIONAL EXPRESSION,BeforeRefact,Total method calls,0.0
CONSOLIDATE CONDITIONAL EXPRESSION,BeforeRefact,Total lines of code,2.0
CONSOLIDATE CONDITIONAL EXPRESSION,AfterRefact,CodeBleu,
CONSOLIDATE CONDITIONAL EXPRESSION,AfterRefact,Total CC,3.0
CONSOLIDATE CONDITIONAL EXPRESSION,AfterRefact,Total method calls,1.0
CONSOLIDATE CONDITIONAL EXPRESSION,AfterRefact,Total lines of code,5.0
PULL UP CONSTRUCTOR BODY,ZeroShotCode,CodeBleu,0.408
PULL UP CONSTRUCTOR BODY,ZeroShotCode,Total CC,0.0
PULL UP CONSTRUCTOR BODY,ZeroShotCode,Total method calls,0.0
PULL UP CONSTRUCTOR BODY,ZeroShotCode,Total lines of code,14.0
PULL UP CONSTRUCTOR BODY,FewShotCode,CodeBleu,
PULL UP CONSTRUCTOR BODY,FewShotCode,Total CC,
PULL UP CONSTRUCTOR BODY,FewShotCode,Total method calls,
PULL UP CONSTRUCTOR BODY,FewShotCode,Total lines of code,
PULL UP CONSTRUCTOR BODY,InstrucCode,CodeBleu,0.454
PULL UP CONSTRUCTOR BODY,InstrucCode,Total CC,0.0
PULL UP CONSTRUCTOR BODY,InstrucCode,Total method calls,0.0
PULL UP CONSTRUCTOR BODY,InstrucCode,Total lines of code,16.0
PULL UP CONSTRUCTOR BODY,ContextCode,CodeBleu,0.389
PULL UP CONSTRUCTOR BODY,ContextCode,Total CC,0.0
PULL UP CONSTRUCTOR BODY,ContextCode,Total method calls,0.0
PULL UP CONSTRUCTOR BODY,ContextCode,Total lines of code,29.2
PULL UP CONSTRUCTOR BODY,RulesCode,CodeBleu,0.489
PULL UP CONSTRUCTOR BODY,RulesCode,Total CC,0.0
PULL UP CONSTRUCTOR BODY,RulesCode,Total method calls,0.0
PULL UP CONSTRUCTOR BODY,RulesCode,Total lines of code,16.0
PULL UP CONSTRUCTOR BODY,BeforeRefact,CodeBleu,
PULL UP CONSTRUCTOR BODY,BeforeRefact,Total CC,0.0
PULL UP CONSTRUCTOR BODY,BeforeRefact,Total method calls,0.0
PULL UP CONSTRUCTOR BODY,BeforeRefact,Total lines of code,8.0
PULL UP CONSTRUCTOR BODY,AfterRefact,CodeBleu,
PULL UP CONSTRUCTOR BODY,AfterRefact,Total CC,0.0
PULL UP CONSTRUCTOR BODY,AfterRefact,Total method calls,0.0
PULL UP CONSTRUCTOR BODY,AfterRefact,Total lines of code,11.0
REPLACE CONSTRUCTOR WITH FACTORY FUNCTION,ZeroShotCode,CodeBleu,0.303
REPLACE CONSTRUCTOR WITH FACTORY FUNCTION,ZeroShotCode,Total CC,0.0
REPLACE CONSTRUCTOR WITH FACTORY FUNCTION,ZeroShotCode,Total method calls,1.0
REPLACE CONSTRUCTOR WITH FACTORY FUNCTION,ZeroShotCode,Total lines of code,7.0
REPLACE CONSTRUCTOR WITH FACTORY FUNCTION,FewShotCode,CodeBleu,
REPLACE CONSTRUCTOR WITH FACTORY FUNCTION,FewShotCode,Total CC,
REPLACE CONSTRUCTOR WITH FACTORY FUNCTION,FewShotCode,Total method calls,
REPLACE CONSTRUCTOR WITH FACTORY FUNCTION,FewShotCode,Total lines of code,
REPLACE CONSTRUCTOR WITH FACTORY FUNCTION,InstrucCode,CodeBleu,0.292
REPLACE CONSTRUCTOR WITH FACTORY FUNCTION,InstrucCode,Total CC,0.0
REPLACE CONSTRUCTOR WITH FACTORY FUNCTION,InstrucCode,Total method calls,1.0
REPLACE CONSTRUCTOR WITH FACTORY FUNCTION,InstrucCode,Total lines of code,13.0
REPLACE CONSTRUCTOR WITH FACTORY FUNCTION,ContextCode,CodeBleu,0.255
REPLACE CONSTRUCTOR WITH FACTORY FUNCTION,ContextCode,Total CC,0.0
REPLACE CONSTRUCTOR WITH FACTORY FUNCTION,ContextCode,Total method calls,1.0
REPLACE CONSTRUCTOR WITH FACTORY FUNCTION,ContextCode,Total lines of code,2.0
REPLACE CONSTRUCTOR WITH FACTORY FUNCTION,RulesCode,CodeBleu,0.286
REPLACE CONSTRUCTOR WITH FACTORY FUNCTION,RulesCode,Total CC,0.0
REPLACE CONSTRUCTOR WITH FACTORY FUNCTION,RulesCode,Total method calls,1.0
REPLACE CONSTRUCTOR WITH FACTORY FUNCTION,RulesCode,Total lines of code,7.2
REPLACE CONSTRUCTOR WITH FACTORY FUNCTION,BeforeRefact,CodeBleu,
REPLACE CONSTRUCTOR WITH FACTORY FUNCTION,BeforeRefact,Total CC,0.0
REPLACE CONSTRUCTOR WITH FACTORY FUNCTION,BeforeRefact,Total method calls,0.0
REPLACE CONSTRUCTOR WITH FACTORY FUNCTION,BeforeRefact,Total lines of code,0.0
REPLACE CONSTRUCTOR WITH FACTORY FUNCTION,AfterRefact,CodeBleu,
REPLACE CONSTRUCTOR WITH FACTORY FUNCTION,AfterRefact,Total CC,0.0
REPLACE CONSTRUCTOR WITH FACTORY FUNCTION,AfterRefact,Total method calls,1.0
REPLACE CONSTRUCTOR WITH FACTORY FUNCTION,AfterRefact,Total lines of code,0.0
REMOVE SUBCLASS,ZeroShotCode,CodeBleu,0.334
REMOVE SUBCLASS,ZeroShotCode,Total CC,0.0
REMOVE SUBCLASS,ZeroShotCode,Total method calls,0.0
REMOVE SUBCLASS,ZeroShotCode,Total lines of code,18.4
REMOVE SUBCLASS,FewShotCode,CodeBleu,
REMOVE SUBCLASS,FewShotCode,Total CC,
REMOVE SUBCLASS,FewShotCode,Total method calls,
REMOVE SUBCLASS,FewShotCode,Total lines of code,
REMOVE SUBCLASS,InstrucCode,CodeBleu,0.358
REMOVE SUBCLASS,InstrucCode,Total CC,0.0
REMOVE SUBCLASS,InstrucCode,Total method calls,1.2
REMOVE SUBCLASS,InstrucCode,Total lines of code,14.6
REMOVE SUBCLASS,ContextCode,CodeBleu,0.327
REMOVE SUBCLASS,ContextCode,Total CC,0.0
REMOVE SUBCLASS,ContextCode,Total method calls,0.0
REMOVE SUBCLASS,ContextCode,Total lines of code,18.0
REMOVE SUBCLASS,RulesCode,CodeBleu,0.358
REMOVE SUBCLASS,RulesCode,Total CC,0.0
REMOVE SUBCLASS,RulesCode,Total method calls,0.0
REMOVE SUBCLASS,RulesCode,Total lines of code,18.4
REMOVE SUBCLASS,BeforeRefact,CodeBleu,
REMOVE SUBCLASS,BeforeRefact,Total CC,0.0
REMOVE SUBCLASS,BeforeRefact,Total method calls,0.0
REMOVE SUBCLASS,BeforeRefact,Total lines of code,8.0
REMOVE SUBCLASS,AfterRefact,CodeBleu,
REMOVE SUBCLASS,AfterRefact,Total CC,0.0
REMOVE SUBCLASS,AfterRefact,Total method calls,0.0
REMOVE SUBCLASS,AfterRefact,Total lines of code,2.0
INTRODUCE PARAMETER OBJECT,ZeroShotCode,CodeBleu,0.288
INTRODUCE PARAMETER OBJECT,ZeroShotCode,Total CC,0.0
INTRODUCE PARAMETER OBJECT,ZeroShotCode,Total method calls,2.4
INTRODUCE PARAMETER OBJECT,ZeroShotCode,Total lines of code,25.4
INTRODUCE PARAMETER OBJECT,FewShotCode,CodeBleu,
INTRODUCE PARAMETER OBJECT,FewShotCode,Total CC,
INTRODUCE PARAMETER OBJECT,FewShotCode,Total method calls,
INTRODUCE PARAMETER OBJECT,FewShotCode,Total lines of code,
INTRODUCE PARAMETER OBJECT,InstrucCode,CodeBleu,0.278
INTRODUCE PARAMETER OBJECT,InstrucCode,Total CC,0.0
INTRODUCE PARAMETER OBJECT,InstrucCode,Total method calls,4.8
INTRODUCE PARAMETER OBJECT,InstrucCode,Total lines of code,27.8
INTRODUCE PARAMETER OBJECT,ContextCode,CodeBleu,0.25
INTRODUCE PARAMETER OBJECT,ContextCode,Total CC,0.0
INTRODUCE PARAMETER OBJECT,ContextCode,Total method calls,0.0
INTRODUCE PARAMETER OBJECT,ContextCode,Total lines of code,9.0
INTRODUCE PARAMETER OBJECT,RulesCode,CodeBleu,0.3
INTRODUCE PARAMETER OBJECT,RulesCode,Total CC,0.0
INTRODUCE PARAMETER OBJECT,RulesCode,Total method calls,3.6
INTRODUCE PARAMETER OBJECT,RulesCode,Total lines of code,26.4
INTRODUCE PARAMETER OBJECT,BeforeRefact,CodeBleu,
INTRODUCE PARAMETER OBJECT,BeforeRefact,Total CC,0.0
INTRODUCE PARAMETER OBJECT,BeforeRefact,Total method calls,0.0
INTRODUCE PARAMETER OBJECT,BeforeRefact,Total lines of code,2.0
INTRODUCE PARAMETER OBJECT,AfterRefact,CodeBleu,
INTRODUCE PARAMETER OBJECT,AfterRefact,Total CC,0.0
INTRODUCE PARAMETER OBJECT,AfterRefact,Total method calls,0.0
INTRODUCE PARAMETER OBJECT,AfterRefact,Total lines of code,2.0
SPLIT LOOP,ZeroShotCode,CodeBleu,0.329
SPLIT LOOP,ZeroShotCode,Total CC,0.0
SPLIT LOOP,ZeroShotCode,Total method calls,1.2
SPLIT LOOP,ZeroShotCode,Total lines of code,11.4
SPLIT LOOP,FewShotCode,CodeBleu,
SPLIT LOOP,FewShotCode,Total CC,
SPLIT LOOP,FewShotCode,Total method calls,
SPLIT LOOP,FewShotCode,Total lines of code,
SPLIT LOOP,InstrucCode,CodeBleu,0.43
SPLIT LOOP,InstrucCode,Total CC,0.0
SPLIT LOOP,InstrucCode,Total method calls,0.8
SPLIT LOOP,InstrucCode,Total lines of code,10.0
SPLIT LOOP,ContextCode,CodeBleu,0.218
SPLIT LOOP,ContextCode,Total CC,0.2
SPLIT LOOP,ContextCode,Total method calls,3.2
SPLIT LOOP,ContextCode,Total lines of code,8.4
SPLIT LOOP,RulesCode,CodeBleu,
SPLIT LOOP,RulesCode,Total CC,
SPLIT LOOP,RulesCode,Total method calls,
SPLIT LOOP,RulesCode,Total lines of code,
SPLIT LOOP,BeforeRefact,CodeBleu,
SPLIT LOOP,BeforeRefact,Total CC,0.0
SPLIT LOOP,BeforeRefact,Total method calls,0.0
SPLIT LOOP,BeforeRefact,Total lines of code,6.0
SPLIT LOOP,AfterRefact,CodeBleu,
SPLIT LOOP,AfterRefact,Total CC,0.0
SPLIT LOOP,AfterRefact,Total method calls,1.0
SPLIT LOOP,AfterRefact,Total lines of code,8.0
REPLACE PRIMITIVE WITH OBJECT,ZeroShotCode,CodeBleu,0.258
REPLACE PRIMITIVE WITH OBJECT,ZeroShotCode,Total CC,1.2
REPLACE PRIMITIVE WITH OBJECT,ZeroShotCode,Total method calls,7.2
REPLACE PRIMITIVE WITH OBJECT,ZeroShotCode,Total lines of code,22.6
REPLACE PRIMITIVE WITH OBJECT,FewShotCode,CodeBleu,
REPLACE PRIMITIVE WITH OBJECT,FewShotCode,Total CC,
REPLACE PRIMITIVE WITH OBJECT,FewShotCode,Total method calls,
REPLACE PRIMITIVE WITH OBJECT,FewShotCode,Total lines of code,
REPLACE PRIMITIVE WITH OBJECT,InstrucCode,CodeBleu,0.258
REPLACE PRIMITIVE WITH OBJECT,InstrucCode,Total CC,1.6
REPLACE PRIMITIVE WITH OBJECT,InstrucCode,Total method calls,10.2
REPLACE PRIMITIVE WITH OBJECT,InstrucCode,Total lines of code,25.2
REPLACE PRIMITIVE WITH OBJECT,ContextCode,CodeBleu,0.25
REPLACE PRIMITIVE WITH OBJECT,ContextCode,Total CC,1.0
REPLACE PRIMITIVE WITH OBJECT,ContextCode,Total method calls,7.0
REPLACE PRIMITIVE WITH OBJECT,ContextCode,Total lines of code,4.0
REPLACE PRIMITIVE WITH OBJECT,RulesCode,CodeBleu,0.273
REPLACE PRIMITIVE WITH OBJECT,RulesCode,Total CC,1.0
REPLACE PRIMITIVE WITH OBJECT,RulesCode,Total method calls,7.4
REPLACE PRIMITIVE WITH OBJECT,RulesCode,Total lines of code,17.2
REPLACE PRIMITIVE WITH OBJECT,BeforeRefact,CodeBleu,
REPLACE PRIMITIVE WITH OBJECT,BeforeRefact,Total CC,1.0
REPLACE PRIMITIVE WITH OBJECT,BeforeRefact,Total method calls,1.0
REPLACE PRIMITIVE WITH OBJECT,BeforeRefact,Total lines of code,1.0
REPLACE PRIMITIVE WITH OBJECT,AfterRefact,CodeBleu,
REPLACE PRIMITIVE WITH OBJECT,AfterRefact,Total CC,0.0
REPLACE PRIMITIVE WITH OBJECT,AfterRefact,Total method calls,2.0
REPLACE PRIMITIVE WITH OBJECT,AfterRefact,Total lines of code,0.0
MOVE STATEMENTS TO CALLERS,ZeroShotCode,CodeBleu,0.212
MOVE STATEMENTS TO CALLERS,ZeroShotCode,Total CC,0.0
MOVE STATEMENTS TO CALLERS,ZeroShotCode,Total method calls,0.6
MOVE STATEMENTS TO CALLERS,ZeroShotCode,Total lines of code,3.0
MOVE STATEMENTS TO CALLERS,FewShotCode,CodeBleu,
MOVE STATEMENTS TO CALLERS,FewShotCode,Total CC,
MOVE STATEMENTS TO CALLERS,FewShotCode,Total method calls,
MOVE STATEMENTS TO CALLERS,FewShotCode,Total lines of code,
MOVE STATEMENTS TO CALLERS,InstrucCode,CodeBleu,0.239
MOVE STATEMENTS TO CALLERS,InstrucCode,Total CC,0.0
MOVE STATEMENTS TO CALLERS,InstrucCode,Total method calls,0.4
MOVE STATEMENTS TO CALLERS,InstrucCode,Total lines of code,3.0
MOVE STATEMENTS TO CALLERS,ContextCode,CodeBleu,0.13
MOVE STATEMENTS TO CALLERS,ContextCode,Total CC,0.0
MOVE STATEMENTS TO CALLERS,ContextCode,Total method calls,6.2
MOVE STATEMENTS TO CALLERS,ContextCode,Total lines of code,6.4
MOVE STATEMENTS TO CALLERS,RulesCode,CodeBleu,
MOVE STATEMENTS TO CALLERS,RulesCode,Total CC,
MOVE STATEMENTS TO CALLERS,RulesCode,Total method calls,
MOVE STATEMENTS TO CALLERS,RulesCode,Total lines of code,
MOVE STATEMENTS TO CALLERS,BeforeRefact,CodeBleu,
MOVE STATEMENTS TO CALLERS,BeforeRefact,Total CC,0.0
MOVE STATEMENTS TO CALLERS,BeforeRefact,Total method calls,1.0
MOVE STATEMENTS TO CALLERS,BeforeRefact,Total lines of code,4.0
MOVE STATEMENTS TO CALLERS,AfterRefact,CodeBleu,
MOVE STATEMENTS TO CALLERS,AfterRefact,Total CC,0.0
MOVE STATEMENTS TO CALLERS,AfterRefact,Total method calls,1.0
MOVE STATEMENTS TO CALLERS,AfterRefact,Total lines of code,4.0
INLINE CLASS,ZeroShotCode,CodeBleu,0.327
INLINE CLASS,ZeroShotCode,Total CC,0.0
INLINE CLASS,ZeroShotCode,Total method calls,2.0
INLINE CLASS,ZeroShotCode,Total lines of code,21.8
INLINE CLASS,FewShotCode,CodeBleu,
INLINE CLASS,FewShotCode,Total CC,
INLINE CLASS,FewShotCode,Total method calls,
INLINE CLASS,FewShotCode,Total lines of code,
INLINE CLASS,InstrucCode,CodeBleu,0.406
INLINE CLASS,InstrucCode,Total CC,0.0
INLINE CLASS,InstrucCode,Total method calls,0.4
INLINE CLASS,InstrucCode,Total lines of code,15.0
INLINE CLASS,ContextCode,CodeBleu,0.35
INLINE CLASS,ContextCode,Total CC,0.0
INLINE CLASS,ContextCode,Total method calls,2.0
INLINE CLASS,ContextCode,Total lines of code,25.6
INLINE CLASS,RulesCode,CodeBleu,0.399
INLINE CLASS,RulesCode,Total CC,0.0
INLINE CLASS,RulesCode,Total method calls,0.4
INLINE CLASS,RulesCode,Total lines of code,15.4
INLINE CLASS,BeforeRefact,CodeBleu,
INLINE CLASS,BeforeRefact,Total CC,0.0
INLINE CLASS,BeforeRefact,Total method calls,0.0
INLINE CLASS,BeforeRefact,Total lines of code,7.0
INLINE CLASS,AfterRefact,CodeBleu,
INLINE CLASS,AfterRefact,Total CC,0.0
INLINE CLASS,AfterRefact,Total method calls,0.0
INLINE CLASS,AfterRefact,Total lines of code,2.0
REMOVE MIDDLE MAN,ZeroShotCode,CodeBleu,0.15
REMOVE MIDDLE MAN,ZeroShotCode,Total CC,0.0
REMOVE MIDDLE MAN,ZeroShotCode,Total method calls,1.0
REMOVE MIDDLE MAN,ZeroShotCode,Total lines of code,10.0
REMOVE MIDDLE MAN,FewShotCode,CodeBleu,
REMOVE MIDDLE MAN,FewShotCode,Total CC,
REMOVE MIDDLE MAN,FewShotCode,Total method calls,
REMOVE MIDDLE MAN,FewShotCode,Total lines of code,
REMOVE MIDDLE MAN,InstrucCode,CodeBleu,0.15
REMOVE MIDDLE MAN,InstrucCode,Total CC,0.0
REMOVE MIDDLE MAN,InstrucCode,Total method calls,1.0
REMOVE MIDDLE MAN,InstrucCode,Total lines of code,10.2
REMOVE MIDDLE MAN,ContextCode,CodeBleu,0.162
REMOVE MIDDLE MAN,ContextCode,Total CC,0.0
REMOVE MIDDLE MAN,ContextCode,Total method calls,1.0
REMOVE MIDDLE MAN,ContextCode,Total lines of code,11.8
REMOVE MIDDLE MAN,RulesCode,CodeBleu,0.162
REMOVE MIDDLE MAN,RulesCode,Total CC,0.0
REMOVE MIDDLE MAN,RulesCode,Total method calls,0.8
REMOVE MIDDLE MAN,RulesCode,Total lines of code,11.8
REMOVE MIDDLE MAN,BeforeRefact,CodeBleu,
REMOVE MIDDLE MAN,BeforeRefact,Total CC,0.0
REMOVE MIDDLE MAN,BeforeRefact,Total method calls,0.0
REMOVE MIDDLE MAN,BeforeRefact,Total lines of code,2.0
REMOVE MIDDLE MAN,AfterRefact,CodeBleu,
REMOVE MIDDLE MAN,AfterRefact,Total CC,0.0
REMOVE MIDDLE MAN,AfterRefact,Total method calls,0.0
REMOVE MIDDLE MAN,AfterRefact,Total lines of code,0.0
REPLACE FUNCTION WITH COMMAND,ZeroShotCode,CodeBleu,0.129
REPLACE FUNCTION WITH COMMAND,ZeroShotCode,Total CC,0.0
REPLACE FUNCTION WITH COMMAND,ZeroShotCode,Total method calls,0.0
REPLACE FUNCTION WITH COMMAND,ZeroShotCode,Total lines of code,7.0
REPLACE FUNCTION WITH COMMAND,FewShotCode,CodeBleu,
REPLACE FUNCTION WITH COMMAND,FewShotCode,Total CC,
REPLACE FUNCTION WITH COMMAND,FewShotCode,Total method calls,
REPLACE FUNCTION WITH COMMAND,FewShotCode,Total lines of code,
REPLACE FUNCTION WITH COMMAND,InstrucCode,CodeBleu,0.309
REPLACE FUNCTION WITH COMMAND,InstrucCode,Total CC,0.0
REPLACE FUNCTION WITH COMMAND,InstrucCode,Total method calls,1.0
REPLACE FUNCTION WITH COMMAND,InstrucCode,Total lines of code,19.8
REPLACE FUNCTION WITH COMMAND,ContextCode,CodeBleu,0.128
REPLACE FUNCTION WITH COMMAND,ContextCode,Total CC,0.0
REPLACE FUNCTION WITH COMMAND,ContextCode,Total method calls,0.0
REPLACE FUNCTION WITH COMMAND,ContextCode,Total lines of code,7.6
REPLACE FUNCTION WITH COMMAND,RulesCode,CodeBleu,0.195
REPLACE FUNCTION WITH COMMAND,RulesCode,Total CC,0.0
REPLACE FUNCTION WITH COMMAND,RulesCode,Total method calls,1.0
REPLACE FUNCTION WITH COMMAND,RulesCode,Total lines of code,13.4
REPLACE FUNCTION WITH COMMAND,BeforeRefact,CodeBleu,
REPLACE FUNCTION WITH COMMAND,BeforeRefact,Total CC,0.0
REPLACE FUNCTION WITH COMMAND,BeforeRefact,Total method calls,0.0
REPLACE FUNCTION WITH COMMAND,BeforeRefact,Total lines of code,3.0
REPLACE FUNCTION WITH COMMAND,AfterRefact,CodeBleu,
REPLACE FUNCTION WITH COMMAND,AfterRefact,Total CC,0.0
REPLACE FUNCTION WITH COMMAND,AfterRefact,Total method calls,0.0
REPLACE FUNCTION WITH COMMAND,AfterRefact,Total lines of code,10.0
